x-axis,1
second,Volt
-22.09000E-06,
-22.06750E-06,-39.05314027E-03
-22.04500E-06,-39.21896941E-03
-22.02250E-06,-38.22399455E-03
-22.00000E-06,-38.22399455E-03
-21.97750E-06,-37.22901968E-03
-21.95500E-06,-37.06319054E-03
-21.93250E-06,-32.91746194E-03
-21.91000E-06,-3.06821603E-03
-21.88750E-06,+40.54484883E-03
-21.86500E-06,+72.05238618E-03
-21.84250E-06,+91.78605431E-03
-21.82000E-06,+94.43932062E-03
-21.79750E-06,+79.18303937E-03
-21.77500E-06,+51.32374319E-03
-21.75250E-06,+12.85138179E-03
-21.73000E-06,-23.13354245E-03
-21.70750E-06,-39.88228599E-03
-21.68500E-06,-43.53052715E-03
-21.66250E-06,-41.20891914E-03
-21.64000E-06,-43.19886887E-03
-21.61750E-06,-39.88228599E-03
-21.59500E-06,-39.71645684E-03
-21.57250E-06,-38.55565283E-03
-21.55000E-06,-38.22399455E-03
-21.52750E-06,-39.05314027E-03
-21.50500E-06,-38.22399455E-03
-21.48250E-06,-38.22399455E-03
-21.46000E-06,-35.73655739E-03
-21.43750E-06,-34.57575338E-03
-21.41500E-06,-17.99283898E-03
-21.39250E-06,+21.97198471E-03
-21.37000E-06,+60.11268782E-03
-21.34750E-06,+83.82625540E-03
-21.32500E-06,+93.27851661E-03
-21.30250E-06,+83.82625540E-03
-21.28000E-06,+57.29359237E-03
-21.25750E-06,+26.11771331E-03
-21.23500E-06,-14.84208525E-03
-21.21250E-06,-38.22399455E-03
-21.19000E-06,-43.53052715E-03
-21.16750E-06,-43.53052715E-03
-21.14500E-06,-40.87726085E-03
-21.12250E-06,-40.37977342E-03
-21.10000E-06,-38.38982369E-03
-21.07750E-06,-40.87726085E-03
-21.05500E-06,-37.06319054E-03
-21.03250E-06,-38.55565283E-03
-21.01000E-06,-38.22399455E-03
-20.98750E-06,-39.05314027E-03
-20.96500E-06,-38.22399455E-03
-20.94250E-06,-35.57072824E-03
-20.92000E-06,-29.93253735E-03
-20.89750E-06,+3.39912059E-03
-20.87500E-06,+41.87148198E-03
-20.85250E-06,+72.71570276E-03
-20.83000E-06,+86.47952171E-03
-20.80750E-06,+85.48454684E-03
-20.78500E-06,+67.90665758E-03
-20.76250E-06,+36.39912023E-03
-20.74000E-06,-1.90741202E-03
-20.71750E-06,-33.74660766E-03
-20.69500E-06,-40.87726085E-03
-20.67250E-06,-43.03303972E-03
-20.65000E-06,-43.19886887E-03
-20.62750E-06,-42.53555229E-03
-20.60500E-06,-39.21896941E-03
-20.58250E-06,-38.22399455E-03
-20.56000E-06,-38.38982369E-03
-20.53750E-06,-38.22399455E-03
-20.51500E-06,-39.71645684E-03
-20.49250E-06,-38.22399455E-03
-20.47000E-06,-38.22399455E-03
-20.44750E-06,-36.39987396E-03
-20.42500E-06,-36.56570311E-03
-20.40250E-06,-12.02298980E-03
-20.38000E-06,+25.62022588E-03
-20.35750E-06,+63.42927070E-03
-20.33500E-06,+81.17298910E-03
-20.31250E-06,+86.47952171E-03
-20.29000E-06,+70.55992389E-03
-20.26750E-06,+46.68052716E-03
-20.24500E-06,+7.87650747E-03
-20.22250E-06,-27.11344190E-03
-20.20000E-06,-40.87726085E-03
-20.17750E-06,-41.70640657E-03
-20.15500E-06,-41.87223571E-03
-20.13250E-06,-41.20891914E-03
-20.11000E-06,-38.22399455E-03
-20.08750E-06,-38.22399455E-03
-20.06500E-06,-38.22399455E-03
-20.04250E-06,-38.22399455E-03
-20.02000E-06,-40.87726085E-03
-19.99750E-06,-38.22399455E-03
-19.97500E-06,-38.22399455E-03
-19.95250E-06,-36.23404482E-03
-19.93000E-06,-38.22399455E-03
-19.90750E-06,-24.95766303E-03
-19.88500E-06,+11.02726121E-03
-19.86250E-06,+48.83630603E-03
-19.84000E-06,+73.21319019E-03
-19.81750E-06,+83.82625540E-03
-19.79500E-06,+78.51972280E-03
-19.77250E-06,+54.97198435E-03
-19.75000E-06,+22.46947214E-03
-19.72750E-06,-14.34459782E-03
-19.70500E-06,-38.22399455E-03
-19.68250E-06,-43.03303972E-03
-19.66000E-06,-41.04308999E-03
-19.63750E-06,-40.87726085E-03
-19.61500E-06,-40.87726085E-03
-19.59250E-06,-38.55565283E-03
-19.57000E-06,-40.54560256E-03
-19.54750E-06,-38.22399455E-03
-19.52500E-06,-39.71645684E-03
-19.50250E-06,-38.22399455E-03
-19.48000E-06,-38.22399455E-03
-19.45750E-06,-37.22901968E-03
-19.43500E-06,-37.06319054E-03
-19.41250E-06,-32.91746194E-03
-19.39000E-06,-6.05314062E-03
-19.36750E-06,+34.24334136E-03
-19.34500E-06,+67.90665758E-03
-19.32250E-06,+83.82625540E-03
-19.30000E-06,+81.17298910E-03
-19.27750E-06,+65.91670786E-03
-19.25500E-06,+35.40414537E-03
-19.23250E-06,-5.22399490E-03
-19.21000E-06,-33.08329108E-03
-19.18750E-06,-43.53052715E-03
-19.16500E-06,-41.87223571E-03
-19.14250E-06,-41.20891914E-03
-19.12000E-06,-38.38982369E-03
-19.09750E-06,-39.05314027E-03
-19.07500E-06,-39.71645684E-03
-19.05250E-06,-38.22399455E-03
-19.03000E-06,-38.22399455E-03
-19.00750E-06,-38.22399455E-03
-18.98500E-06,-39.21896941E-03
-18.96250E-06,-38.22399455E-03
-18.94000E-06,-38.22399455E-03
-18.91750E-06,-38.22399455E-03
-18.89500E-06,-14.67625611E-03
-18.87250E-06,+21.97198471E-03
-18.85000E-06,+57.45942151E-03
-18.82750E-06,+79.34886852E-03
-18.80500E-06,+86.47952171E-03
-18.78250E-06,+76.19811478E-03
-18.76000E-06,+51.65540148E-03
-18.73750E-06,+13.84635665E-03
-18.71500E-06,-23.79685902E-03
-18.69250E-06,-40.87726085E-03
-18.67000E-06,-43.53052715E-03
-18.64750E-06,-40.87726085E-03
-18.62500E-06,-43.53052715E-03
-18.60250E-06,-40.87726085E-03
-18.58000E-06,-38.38982369E-03
-18.55750E-06,-39.88228599E-03
-18.53500E-06,-38.22399455E-03
-18.51250E-06,-38.55565283E-03
-18.49000E-06,-38.22399455E-03
-18.46750E-06,-38.22399455E-03
-18.44500E-06,-38.22399455E-03
-18.42250E-06,-38.22399455E-03
-18.40000E-06,-27.27927105E-03
-18.37750E-06,+10.36394463E-03
-18.35500E-06,+49.33379346E-03
-18.33250E-06,+75.86645649E-03
-18.31000E-06,+89.13278801E-03
-18.28750E-06,+82.83128054E-03
-18.26500E-06,+63.59509984E-03
-18.24250E-06,+31.42424591E-03
-18.22000E-06,-6.88228634E-03
-18.19750E-06,-33.74660766E-03
-18.17500E-06,-43.53052715E-03
-18.15250E-06,-41.20891914E-03
-18.13000E-06,-40.54560256E-03
-18.10750E-06,-40.87726085E-03
-18.08500E-06,-39.71645684E-03
-18.06250E-06,-38.55565283E-03
-18.04000E-06,-38.22399455E-03
-18.01750E-06,-36.39987396E-03
-17.99500E-06,-39.21896941E-03
-17.97250E-06,-38.22399455E-03
-17.95000E-06,-38.22399455E-03
-17.92750E-06,-38.22399455E-03
-17.90500E-06,-32.91746194E-03
-17.88250E-06,-1.74158288E-03
-17.86000E-06,+39.21821568E-03
-17.83750E-06,+71.38906961E-03
-17.81500E-06,+90.62525030E-03
-17.79250E-06,+89.46444630E-03
-17.77000E-06,+75.86645649E-03
-17.74750E-06,+46.68052716E-03
-17.72500E-06,+6.21821603E-03
-17.70250E-06,-27.11344190E-03
-17.68000E-06,-40.87726085E-03
-17.65750E-06,-42.53555229E-03
-17.63500E-06,-41.87223571E-03
-17.61250E-06,-40.87726085E-03
-17.59000E-06,-40.54560256E-03
-17.56750E-06,-38.22399455E-03
-17.54500E-06,-38.22399455E-03
-17.52250E-06,-38.22399455E-03
-17.50000E-06,-38.22399455E-03
-17.47750E-06,-37.22901968E-03
-17.45500E-06,-38.22399455E-03
-17.43250E-06,-38.22399455E-03
-17.41000E-06,-35.57072824E-03
-17.38750E-06,-15.00791439E-03
-17.36500E-06,+25.95188416E-03
-17.34250E-06,+67.07751186E-03
-17.32000E-06,+89.13278801E-03
-17.29750E-06,+97.09258692E-03
-17.27500E-06,+84.82123027E-03
-17.25250E-06,+62.60012498E-03
-17.23000E-06,+27.44434646E-03
-17.20750E-06,-14.34459782E-03
-17.18500E-06,-38.22399455E-03
-17.16250E-06,-40.87726085E-03
-17.14000E-06,-40.87726085E-03
-17.11750E-06,-40.87726085E-03
-17.09500E-06,-40.87726085E-03
-17.07250E-06,-40.37977342E-03
-17.05000E-06,-38.38982369E-03
-17.02750E-06,-38.22399455E-03
-17.00500E-06,-39.71645684E-03
-16.98250E-06,-38.22399455E-03
-16.96000E-06,-37.89233626E-03
-16.93750E-06,-39.88228599E-03
-16.91500E-06,-38.22399455E-03
-16.89250E-06,-25.28932132E-03
-16.87000E-06,+15.33881895E-03
-16.84750E-06,+56.46444665E-03
-16.82500E-06,+87.97198400E-03
-16.80250E-06,+99.74585322E-03
-16.78000E-06,+96.76092863E-03
-16.75750E-06,+77.52474793E-03
-16.73500E-06,+46.68052716E-03
-16.71250E-06,+2.23831658E-03
-16.69000E-06,-30.43002478E-03
-16.66750E-06,-41.70640657E-03
-16.64500E-06,-43.53052715E-03
-16.62250E-06,-43.03303972E-03
-16.60000E-06,-40.87726085E-03
-16.57750E-06,-38.22399455E-03
-16.55500E-06,-40.87726085E-03
-16.53250E-06,-38.55565283E-03
-16.51000E-06,-38.38982369E-03
-16.48750E-06,-38.22399455E-03
-16.46500E-06,-39.21896941E-03
-16.44250E-06,-38.22399455E-03
-16.42000E-06,-38.22399455E-03
-16.39750E-06,-31.92248708E-03
-16.37500E-06,+3.06746230E-03
-16.35250E-06,+46.18303973E-03
-16.33000E-06,+83.99208455E-03
-16.30750E-06,+100.57499894E-03
-16.28500E-06,+105.05238583E-03
-16.26250E-06,+89.46444630E-03
-16.24000E-06,+64.59007470E-03
-16.21750E-06,+21.80615556E-03
-16.19500E-06,-17.49535155E-03
-16.17250E-06,-40.87726085E-03
-16.15000E-06,-43.53052715E-03
-16.12750E-06,-43.53052715E-03
-16.10500E-06,-40.87726085E-03
-16.08250E-06,-40.37977342E-03
-16.06000E-06,-40.54560256E-03
-16.03750E-06,-38.22399455E-03
-16.01500E-06,-37.06319054E-03
-15.99250E-06,-38.22399455E-03
-15.97000E-06,-38.22399455E-03
-15.94750E-06,-37.39484883E-03
-15.92500E-06,-38.22399455E-03
-15.90250E-06,-37.72650711E-03
-15.88000E-06,-8.70640692E-03
-15.85750E-06,+36.89660766E-03
-15.83500E-06,+76.36394392E-03
-15.81250E-06,+101.90163209E-03
-15.79000E-06,+110.35891843E-03
-15.76750E-06,+102.39911953E-03
-15.74500E-06,+76.86143136E-03
-15.72250E-06,+41.70565284E-03
-15.70000E-06,-1.07826630E-03
-15.67750E-06,-33.74660766E-03
-15.65500E-06,-43.53052715E-03
-15.63250E-06,-43.53052715E-03
-15.61000E-06,-40.87726085E-03
-15.58750E-06,-40.87726085E-03
-15.56500E-06,-40.87726085E-03
-15.54250E-06,-40.87726085E-03
-15.52000E-06,-38.22399455E-03
-15.49750E-06,-38.22399455E-03
-15.47500E-06,-38.22399455E-03
-15.45250E-06,-38.55565283E-03
-15.43000E-06,-38.22399455E-03
-15.40750E-06,-35.57072824E-03
-15.38500E-06,-18.98781385E-03
-15.36250E-06,+22.80113043E-03
-15.34000E-06,+63.09761241E-03
-15.31750E-06,+97.09258692E-03
-15.29500E-06,+113.01218474E-03
-15.27250E-06,+110.35891843E-03
-15.25000E-06,+89.13278801E-03
-15.22750E-06,+56.29861751E-03
-15.20500E-06,+19.48454755E-03
-15.18250E-06,-22.30439673E-03
-15.16000E-06,-43.53052715E-03
-15.13750E-06,-43.53052715E-03
-15.11500E-06,-43.53052715E-03
-15.09250E-06,-40.87726085E-03
-15.07000E-06,-40.54560256E-03
-15.04750E-06,-39.05314027E-03
-15.02500E-06,-40.87726085E-03
-15.00250E-06,-38.55565283E-03
-14.98000E-06,-38.22399455E-03
-14.95750E-06,-39.88228599E-03
-14.93500E-06,-38.22399455E-03
-14.91250E-06,-36.23404482E-03
-14.89000E-06,-29.93253735E-03
-14.86750E-06,+9.53479891E-03
-14.84500E-06,+53.47952206E-03
-14.82250E-06,+89.13278801E-03
-14.80000E-06,+110.52474758E-03
-14.77750E-06,+113.01218474E-03
-14.75500E-06,+102.39911953E-03
-14.73250E-06,+73.87650677E-03
-14.71000E-06,+35.40414537E-03
-14.68750E-06,-9.03806521E-03
-14.66500E-06,-35.57072824E-03
-14.64250E-06,-43.03303972E-03
-14.62000E-06,-43.53052715E-03
-14.59750E-06,-40.87726085E-03
-14.57500E-06,-39.71645684E-03
-14.55250E-06,-40.37977342E-03
-14.53000E-06,-40.87726085E-03
-14.50750E-06,-40.87726085E-03
-14.48500E-06,-38.22399455E-03
-14.46250E-06,-37.72650711E-03
-14.44000E-06,-38.22399455E-03
-14.41750E-06,-38.22399455E-03
-14.39500E-06,-33.91243680E-03
-14.37250E-06,-7.04811548E-03
-14.35000E-06,+38.88655739E-03
-14.32750E-06,+78.51972280E-03
-14.30500E-06,+105.05238583E-03
-14.28250E-06,+115.66545104E-03
-14.26000E-06,+107.37399384E-03
-14.23750E-06,+85.48454684E-03
-14.21500E-06,+50.32876832E-03
-14.19250E-06,+7.21319090E-03
-14.17000E-06,-30.26419564E-03
-14.14750E-06,-40.87726085E-03
-14.12500E-06,-43.53052715E-03
-14.10250E-06,-41.20891914E-03
-14.08000E-06,-40.87726085E-03
-14.05750E-06,-38.22399455E-03
-14.03500E-06,-39.21896941E-03
-14.01250E-06,-40.87726085E-03
-13.99000E-06,-38.22399455E-03
-13.96750E-06,-39.05314027E-03
-13.94500E-06,-38.22399455E-03
-13.92250E-06,-38.22399455E-03
-13.90000E-06,-38.22399455E-03
-13.87750E-06,-21.30942186E-03
-13.85500E-06,+22.30364300E-03
-13.83250E-06,+62.10263754E-03
-13.81000E-06,+97.25841606E-03
-13.78750E-06,+113.01218474E-03
-13.76500E-06,+110.35891843E-03
-13.74250E-06,+94.43932062E-03
-13.72000E-06,+64.59007470E-03
-13.69750E-06,+21.80615556E-03
-13.67500E-06,-18.49032642E-03
-13.65250E-06,-38.22399455E-03
-13.63000E-06,-43.53052715E-03
-13.60750E-06,-43.53052715E-03
-13.58500E-06,-39.21896941E-03
-13.56250E-06,-40.37977342E-03
-13.54000E-06,-40.87726085E-03
-13.51750E-06,-40.87726085E-03
-13.49500E-06,-39.21896941E-03
-13.47250E-06,-38.22399455E-03
-13.45000E-06,-38.22399455E-03
-13.42750E-06,-38.22399455E-03
-13.40500E-06,-38.22399455E-03
-13.38250E-06,-30.26419564E-03
-13.36000E-06,+1.74082915E-03
-13.33750E-06,+47.50967288E-03
-13.31500E-06,+85.31871770E-03
-13.29250E-06,+107.20816470E-03
-13.27000E-06,+113.01218474E-03
-13.24750E-06,+101.40414466E-03
-13.22500E-06,+75.86645649E-03
-13.20250E-06,+36.73077852E-03
-13.18000E-06,-9.20389435E-03
-13.15750E-06,-38.22399455E-03
-13.13500E-06,-42.36972315E-03
-13.11250E-06,-43.53052715E-03
-13.09000E-06,-43.19886887E-03
-13.06750E-06,-40.87726085E-03
-13.04500E-06,-41.87223571E-03
-13.02250E-06,-38.55565283E-03
-13.00000E-06,-40.54560256E-03
-12.97750E-06,-39.88228599E-03
-12.95500E-06,-39.21896941E-03
-12.93250E-06,-38.22399455E-03
-12.91000E-06,-37.89233626E-03
-12.88750E-06,-35.57072824E-03
-12.86500E-06,-13.68128124E-03
-12.84250E-06,+30.26344191E-03
-12.82000E-06,+70.72575303E-03
-12.79750E-06,+95.26846634E-03
-12.77500E-06,+109.19811443E-03
-12.75250E-06,+105.05238583E-03
-12.73000E-06,+83.82625540E-03
-12.70750E-06,+48.33881860E-03
-12.68500E-06,+3.56494973E-03
-12.66250E-06,-32.08831622E-03
-12.64000E-06,-41.04308999E-03
-12.61750E-06,-43.53052715E-03
-12.59500E-06,-40.87726085E-03
-12.57250E-06,-43.03303972E-03
-12.55000E-06,-41.04308999E-03
-12.52750E-06,-40.87726085E-03
-12.50500E-06,-39.21896941E-03
-12.48250E-06,-38.22399455E-03
-12.46000E-06,-38.38982369E-03
-12.43750E-06,-38.22399455E-03
-12.41500E-06,-38.22399455E-03
-12.39250E-06,-38.22399455E-03
-12.37000E-06,-27.61092933E-03
-12.34750E-06,+8.70565319E-03
-12.32500E-06,+52.48454720E-03
-12.30250E-06,+88.30364229E-03
-12.28000E-06,+102.39911953E-03
-12.25750E-06,+105.71570240E-03
-12.23500E-06,+89.13278801E-03
-12.21250E-06,+55.63530093E-03
-12.19000E-06,+21.80615556E-03
-12.16750E-06,-23.13354245E-03
-12.14500E-06,-40.87726085E-03
-12.12250E-06,-43.53052715E-03
-12.10000E-06,-40.87726085E-03
-12.07750E-06,-40.87726085E-03
-12.05500E-06,-40.87726085E-03
-12.03250E-06,-38.55565283E-03
-12.01000E-06,-40.54560256E-03
-11.98750E-06,-38.22399455E-03
-11.96500E-06,-39.21896941E-03
-11.94250E-06,-38.55565283E-03
-11.92000E-06,-38.38982369E-03
-11.89750E-06,-39.05314027E-03
-11.87500E-06,-34.40992424E-03
-11.85250E-06,-12.02298980E-03
-11.83000E-06,+36.06746194E-03
-11.80750E-06,+70.55992389E-03
-11.78500E-06,+94.93680805E-03
-11.76250E-06,+102.39911953E-03
-11.74000E-06,+89.13278801E-03
-11.71750E-06,+68.56997416E-03
-11.69500E-06,+30.09761276E-03
-11.67250E-06,-11.69133151E-03
-11.65000E-06,-38.38982369E-03
-11.62750E-06,-43.53052715E-03
-11.60500E-06,-43.53052715E-03
-11.58250E-06,-43.03303972E-03
-11.56000E-06,-40.87726085E-03
-11.53750E-06,-40.87726085E-03
-11.51500E-06,-38.22399455E-03
-11.49250E-06,-38.22399455E-03
-11.47000E-06,-38.22399455E-03
-11.44750E-06,-40.87726085E-03
-11.42500E-06,-37.06319054E-03
-11.40250E-06,-38.22399455E-03
-11.38000E-06,-35.57072824E-03
-11.35750E-06,-23.96268817E-03
-11.33500E-06,+12.68555265E-03
-11.31250E-06,+56.46444665E-03
-11.29000E-06,+83.99208455E-03
-11.26750E-06,+97.09258692E-03
-11.24500E-06,+92.78102918E-03
-11.22250E-06,+73.54484848E-03
-11.20000E-06,+41.04233626E-03
-11.17750E-06,-1.07826630E-03
-11.15500E-06,-32.91746194E-03
-11.13250E-06,-43.53052715E-03
-11.11000E-06,-43.53052715E-03
-11.08750E-06,-43.53052715E-03
-11.06500E-06,-40.87726085E-03
-11.04250E-06,-40.37977342E-03
-11.02000E-06,-40.87726085E-03
-10.99750E-06,-39.88228599E-03
-10.97500E-06,-39.21896941E-03
-10.95250E-06,-35.90238653E-03
-10.93000E-06,-40.54560256E-03
-10.90750E-06,-38.22399455E-03
-10.88500E-06,-38.22399455E-03
-10.86250E-06,-30.59585392E-03
-10.84000E-06,-3.39987432E-03
-10.81750E-06,+36.89660766E-03
-10.79500E-06,+71.05741132E-03
-10.77250E-06,+89.13278801E-03
-10.75000E-06,+91.78605431E-03
-10.72750E-06,+75.86645649E-03
-10.70500E-06,+50.32876832E-03
-10.68250E-06,+12.18806522E-03
-10.66000E-06,-22.80188416E-03
-10.63750E-06,-40.87726085E-03
-10.61500E-06,-43.53052715E-03
-10.59250E-06,-43.03303972E-03
-10.57000E-06,-40.54560256E-03
-10.54750E-06,-40.87726085E-03
-10.52500E-06,-40.87726085E-03
-10.50250E-06,-40.87726085E-03
-10.48000E-06,-40.54560256E-03
-10.45750E-06,-39.88228599E-03
-10.43500E-06,-38.22399455E-03
-10.41250E-06,-38.22399455E-03
-10.39000E-06,-35.73655739E-03
-10.36750E-06,-35.57072824E-03
-10.34500E-06,-17.99283898E-03
-10.32250E-06,+19.31871840E-03
-10.30000E-06,+55.13781350E-03
-10.27750E-06,+80.17801424E-03
-10.25500E-06,+87.97198400E-03
-10.23250E-06,+78.85138108E-03
-10.21000E-06,+57.29359237E-03
-10.18750E-06,+23.46444700E-03
-10.16500E-06,-14.84208525E-03
-10.14250E-06,-38.22399455E-03
-10.12000E-06,-40.87726085E-03
-10.09750E-06,-43.53052715E-03
-10.07500E-06,-39.71645684E-03
-10.05250E-06,-40.87726085E-03
-10.03000E-06,-38.22399455E-03
-10.00750E-06,-38.22399455E-03
-9.98500E-06,-40.87726085E-03
-9.96250E-06,-40.37977342E-03
-9.94000E-06,-38.38982369E-03
-9.91750E-06,-38.22399455E-03
-9.89500E-06,-38.22399455E-03
-9.87250E-06,-38.22399455E-03
-9.85000E-06,-30.26419564E-03
-9.82750E-06,+2.40414572E-03
-9.80500E-06,+40.21319054E-03
-9.78250E-06,+70.06243645E-03
-9.76000E-06,+86.47952171E-03
-9.73750E-06,+83.82625540E-03
-9.71500E-06,+64.59007470E-03
-9.69250E-06,+33.74585393E-03
-9.67000E-06,-4.22902004E-03
-9.64750E-06,-34.74158252E-03
-9.62500E-06,-41.87223571E-03
-9.60250E-06,-43.53052715E-03
-9.58000E-06,-43.53052715E-03
-9.55750E-06,-40.87726085E-03
-9.53500E-06,-40.21394427E-03
-9.51250E-06,-38.22399455E-03
-9.49000E-06,-37.89233626E-03
-9.46750E-06,-39.05314027E-03
-9.44500E-06,-38.22399455E-03
-9.42250E-06,-38.22399455E-03
-9.40000E-06,-35.73655739E-03
-9.37750E-06,-38.88731112E-03
-9.35500E-06,-35.57072824E-03
-9.33250E-06,-14.67625611E-03
-9.31000E-06,+25.62022588E-03
-9.28750E-06,+59.94685867E-03
-9.26500E-06,+80.01218509E-03
-9.24250E-06,+83.82625540E-03
-9.22000E-06,+72.88153190E-03
-9.19750E-06,+45.68555229E-03
-9.17500E-06,+10.52977378E-03
-9.15250E-06,-27.11344190E-03
-9.13000E-06,-40.87726085E-03
-9.10750E-06,-43.53052715E-03
-9.08500E-06,-40.87726085E-03
-9.06250E-06,-40.87726085E-03
-9.04000E-06,-38.38982369E-03
-9.01750E-06,-40.87726085E-03
-8.99500E-06,-39.21896941E-03
-8.97250E-06,-38.22399455E-03
-8.95000E-06,-38.38982369E-03
-8.92750E-06,-36.39987396E-03
-8.90500E-06,-36.56570311E-03
-8.88250E-06,-38.55565283E-03
-8.86000E-06,-38.22399455E-03
-8.83750E-06,-22.30439673E-03
-8.81500E-06,+11.02726121E-03
-8.79250E-06,+46.68052716E-03
-8.77000E-06,+75.86645649E-03
-8.74750E-06,+82.00213482E-03
-8.72500E-06,+78.51972280E-03
-8.70250E-06,+57.29359237E-03
-8.68000E-06,+22.80113043E-03
-8.65750E-06,-15.17374354E-03
-8.63500E-06,-39.71645684E-03
-8.61250E-06,-40.87726085E-03
-8.59000E-06,-41.04308999E-03
-8.56750E-06,-38.22399455E-03
-8.54500E-06,-38.22399455E-03
-8.52250E-06,-40.37977342E-03
-8.50000E-06,-38.22399455E-03
-8.47750E-06,-38.22399455E-03
-8.45500E-06,-38.22399455E-03
-8.43250E-06,-38.55565283E-03
-8.41000E-06,-38.22399455E-03
-8.38750E-06,-38.88731112E-03
-8.36500E-06,-38.22399455E-03
-8.34250E-06,-32.91746194E-03
-8.32000E-06,-746.60801E-06
-8.29750E-06,+38.72072825E-03
-8.27500E-06,+65.75087871E-03
-8.25250E-06,+81.17298910E-03
-8.23000E-06,+83.49459711E-03
-8.20750E-06,+65.91670786E-03
-8.18500E-06,+37.06243681E-03
-8.16250E-06,+1.90665829E-03
-8.14000E-06,-33.08329108E-03
-8.11750E-06,-42.53555229E-03
-8.09500E-06,-45.02298945E-03
-8.07250E-06,-40.87726085E-03
-8.05000E-06,-40.87726085E-03
-8.02750E-06,-40.87726085E-03
-8.00500E-06,-40.87726085E-03
-7.98250E-06,-38.22399455E-03
-7.96000E-06,-40.54560256E-03
-7.93750E-06,-37.22901968E-03
-7.91500E-06,-38.22399455E-03
-7.89250E-06,-38.22399455E-03
-7.87000E-06,-38.22399455E-03
-7.84750E-06,-35.57072824E-03
-7.82500E-06,-15.33957268E-03
-7.80250E-06,+24.62525101E-03
-7.78000E-06,+62.60012498E-03
-7.75750E-06,+82.00213482E-03
-7.73500E-06,+87.97198400E-03
-7.71250E-06,+78.51972280E-03
-7.69000E-06,+51.65540148E-03
-7.66750E-06,+16.49962296E-03
-7.64500E-06,-21.14359272E-03
-7.62250E-06,-40.37977342E-03
-7.60000E-06,-43.53052715E-03
-7.57750E-06,-39.88228599E-03
-7.55500E-06,-42.36972315E-03
-7.53250E-06,-40.87726085E-03
-7.51000E-06,-40.87726085E-03
-7.48750E-06,-39.05314027E-03
-7.46500E-06,-38.22399455E-03
-7.44250E-06,-40.37977342E-03
-7.42000E-06,-38.38982369E-03
-7.39750E-06,-38.22399455E-03
-7.37500E-06,-38.22399455E-03
-7.35250E-06,-35.90238653E-03
-7.33000E-06,-26.94761276E-03
-7.30750E-06,+13.01721093E-03
-7.28500E-06,+50.82625576E-03
-7.26250E-06,+80.67550167E-03
-7.24000E-06,+89.29861715E-03
-7.21750E-06,+85.48454684E-03
-7.19500E-06,+63.59509984E-03
-7.17250E-06,+31.42424591E-03
-7.15000E-06,-6.88228634E-03
-7.12750E-06,-36.39987396E-03
-7.10500E-06,-42.36972315E-03
-7.08250E-06,-40.87726085E-03
-7.06000E-06,-40.87726085E-03
-7.03750E-06,-40.87726085E-03
-7.01500E-06,-40.87726085E-03
-6.99250E-06,-38.55565283E-03
-6.97000E-06,-40.54560256E-03
-6.94750E-06,-38.22399455E-03
-6.92500E-06,-38.22399455E-03
-6.90250E-06,-38.22399455E-03
-6.88000E-06,-38.22399455E-03
-6.85750E-06,-38.22399455E-03
-6.83500E-06,-31.25917050E-03
-6.81250E-06,+911.68343E-06
-6.79000E-06,+41.53982369E-03
-6.76750E-06,+73.21319019E-03
-6.74500E-06,+93.27851661E-03
-6.72250E-06,+94.43932062E-03
-6.70000E-06,+77.85640622E-03
-6.67750E-06,+49.99711004E-03
-6.65500E-06,+10.52977378E-03
-6.63250E-06,-24.46017560E-03
-6.61000E-06,-41.04308999E-03
-6.58750E-06,-41.70640657E-03
-6.56500E-06,-41.87223571E-03
-6.54250E-06,-43.03303972E-03
-6.52000E-06,-40.87726085E-03
-6.49750E-06,-40.87726085E-03
-6.47500E-06,-40.87726085E-03
-6.45250E-06,-40.87726085E-03
-6.43000E-06,-38.38982369E-03
-6.40750E-06,-37.22901968E-03
-6.38500E-06,-39.21896941E-03
-6.36250E-06,-38.22399455E-03
-6.34000E-06,-35.57072824E-03
-6.31750E-06,-9.70138179E-03
-6.29500E-06,+31.25841677E-03
-6.27250E-06,+69.73077817E-03
-6.25000E-06,+91.95188346E-03
-6.22750E-06,+98.75087836E-03
-6.20500E-06,+90.12776287E-03
-6.18250E-06,+67.90665758E-03
-6.16000E-06,+27.77600475E-03
-6.13750E-06,-9.86721093E-03
-6.11500E-06,-38.22399455E-03
-6.09250E-06,-40.87726085E-03
-6.07000E-06,-43.53052715E-03
-6.04750E-06,-41.70640657E-03
-6.02500E-06,-39.21896941E-03
-6.00250E-06,-40.37977342E-03
-5.98000E-06,-38.38982369E-03
-5.95750E-06,-39.88228599E-03
-5.93500E-06,-38.72148198E-03
-5.91250E-06,-38.22399455E-03
-5.89000E-06,-38.22399455E-03
-5.86750E-06,-38.22399455E-03
-5.84500E-06,-36.56570311E-03
-5.82250E-06,-22.63605502E-03
-5.80000E-06,+20.31369327E-03
-5.77750E-06,+60.77600439E-03
-5.75500E-06,+87.97198400E-03
-5.73250E-06,+104.55489840E-03
-5.71000E-06,+99.74585322E-03
-5.68750E-06,+80.84133081E-03
-5.66500E-06,+48.67047688E-03
-5.64250E-06,+5.22324117E-03
-5.62000E-06,-30.26419564E-03
-5.59750E-06,-40.87726085E-03
-5.57500E-06,-41.87223571E-03
-5.55250E-06,-43.53052715E-03
-5.53000E-06,-40.54560256E-03
-5.50750E-06,-40.87726085E-03
-5.48500E-06,-39.21896941E-03
-5.46250E-06,-40.37977342E-03
-5.44000E-06,-38.22399455E-03
-5.41750E-06,-38.22399455E-03
-5.39500E-06,-38.22399455E-03
-5.37250E-06,-38.55565283E-03
-5.35000E-06,-38.22399455E-03
-5.32750E-06,-29.26922077E-03
-5.30500E-06,+7.37902004E-03
-5.28250E-06,+51.15791404E-03
-5.26000E-06,+83.99208455E-03
-5.23750E-06,+103.22826524E-03
-5.21500E-06,+106.04736069E-03
-5.19250E-06,+94.77097890E-03
-5.17000E-06,+67.24334101E-03
-5.14750E-06,+27.11268817E-03
-5.12500E-06,-18.49032642E-03
-5.10250E-06,-38.22399455E-03
-5.08000E-06,-43.53052715E-03
-5.05750E-06,-41.70640657E-03
-5.03500E-06,-40.87726085E-03
-5.01250E-06,-40.87726085E-03
-4.99000E-06,-41.04308999E-03
-4.96750E-06,-40.87726085E-03
-4.94500E-06,-39.21896941E-03
-4.92250E-06,-38.22399455E-03
-4.90000E-06,-38.22399455E-03
-4.87750E-06,-38.22399455E-03
-4.85500E-06,-38.22399455E-03
-4.83250E-06,-35.57072824E-03
-4.81000E-06,-3.73153260E-03
-4.78750E-06,+39.54987397E-03
-4.76500E-06,+77.35891879E-03
-4.74250E-06,+104.55489840E-03
-4.72000E-06,+110.52474758E-03
-4.69750E-06,+102.39911953E-03
-4.67500E-06,+80.50967252E-03
-4.65250E-06,+42.03731113E-03
-4.63000E-06,+1.40917086E-03
-4.60750E-06,-32.08831622E-03
-4.58500E-06,-42.36972315E-03
-4.56250E-06,-43.53052715E-03
-4.54000E-06,-40.87726085E-03
-4.51750E-06,-39.88228599E-03
-4.49500E-06,-40.87726085E-03
-4.47250E-06,-38.55565283E-03
-4.45000E-06,-38.22399455E-03
-4.42750E-06,-39.88228599E-03
-4.40500E-06,-38.22399455E-03
-4.38250E-06,-38.22399455E-03
-4.36000E-06,-35.73655739E-03
-4.33750E-06,-37.22901968E-03
-4.31500E-06,-19.65113042E-03
-4.29250E-06,+26.94685903E-03
-4.27000E-06,+70.22826560E-03
-4.24750E-06,+97.92173264E-03
-4.22500E-06,+115.66545104E-03
-4.20250E-06,+109.86143100E-03
-4.18000E-06,+91.45439602E-03
-4.15750E-06,+60.61017525E-03
-4.13500E-06,+18.48957269E-03
-4.11250E-06,-21.80690930E-03
-4.09000E-06,-41.04308999E-03
-4.06750E-06,-43.53052715E-03
-4.04500E-06,-43.53052715E-03
-4.02250E-06,-41.20891914E-03
-4.00000E-06,-40.87726085E-03
-3.97750E-06,-42.53555229E-03
-3.95500E-06,-42.36972315E-03
-3.93250E-06,-40.37977342E-03
-3.91000E-06,-38.22399455E-03
-3.88750E-06,-36.39987396E-03
-3.86500E-06,-39.21896941E-03
-3.84250E-06,-37.72650711E-03
-3.82000E-06,-29.93253735E-03
-3.79750E-06,+10.36394463E-03
-3.77500E-06,+53.47952206E-03
-3.75250E-06,+88.63530058E-03
-3.73000E-06,+110.35891843E-03
-3.70750E-06,+114.67047618E-03
-3.68500E-06,+100.74082809E-03
-3.66250E-06,+76.19811478E-03
-3.64000E-06,+35.40414537E-03
-3.61750E-06,-9.86721093E-03
-3.59500E-06,-38.22399455E-03
-3.57250E-06,-43.03303972E-03
-3.55000E-06,-43.53052715E-03
-3.52750E-06,-42.53555229E-03
-3.50500E-06,-41.87223571E-03
-3.48250E-06,-40.87726085E-03
-3.46000E-06,-40.54560256E-03
-3.43750E-06,-40.87726085E-03
-3.41500E-06,-38.22399455E-03
-3.39250E-06,-40.37977342E-03
-3.37000E-06,-38.22399455E-03
-3.34750E-06,-38.22399455E-03
-3.32500E-06,-33.91243680E-03
-3.30250E-06,-7.04811548E-03
-3.28000E-06,+38.88655739E-03
-3.25750E-06,+76.69560221E-03
-3.23500E-06,+106.54484812E-03
-3.21250E-06,+113.34384303E-03
-3.19000E-06,+107.37399384E-03
-3.16750E-06,+85.48454684E-03
-3.14500E-06,+51.32374319E-03
-3.12250E-06,+4.55992459E-03
-3.10000E-06,-33.08329108E-03
-3.07750E-06,-40.87726085E-03
-3.05500E-06,-43.53052715E-03
-3.03250E-06,-40.87726085E-03
-3.01000E-06,-41.04308999E-03
-2.98750E-06,-39.88228599E-03
-2.96500E-06,-40.87726085E-03
-2.94250E-06,-38.55565283E-03
-2.92000E-06,-38.22399455E-03
-2.89750E-06,-39.05314027E-03
-2.87500E-06,-38.22399455E-03
-2.85250E-06,-40.37977342E-03
-2.83000E-06,-37.89233626E-03
-2.80750E-06,-21.30942186E-03
-2.78500E-06,+17.99208525E-03
-2.76250E-06,+62.60012498E-03
-2.74000E-06,+94.43932062E-03
-2.71750E-06,+110.35891843E-03
-2.69500E-06,+110.35891843E-03
-2.67250E-06,+94.43932062E-03
-2.65000E-06,+64.25841642E-03
-2.62750E-06,+19.15288926E-03
-2.60500E-06,-21.14359272E-03
-2.58250E-06,-38.55565283E-03
-2.56000E-06,-43.53052715E-03
-2.53750E-06,-43.53052715E-03
-2.51500E-06,-40.87726085E-03
-2.49250E-06,-40.87726085E-03
-2.47000E-06,-40.87726085E-03
-2.44750E-06,-39.88228599E-03
-2.42500E-06,-39.71645684E-03
-2.40250E-06,-40.37977342E-03
-2.38000E-06,-38.38982369E-03
-2.35750E-06,-39.88228599E-03
-2.33500E-06,-39.71645684E-03
-2.31250E-06,-32.91746194E-03
-2.29000E-06,-414.94973E-06
-2.26750E-06,+45.85138144E-03
-2.24500E-06,+82.66545139E-03
-2.22250E-06,+104.55489840E-03
-2.20000E-06,+107.70565213E-03
-2.17750E-06,+98.75087836E-03
-2.15500E-06,+71.55489875E-03
-2.13250E-06,+33.74585393E-03
-2.11000E-06,-9.20389435E-03
-2.08750E-06,-38.22399455E-03
-2.06500E-06,-43.53052715E-03
-2.04250E-06,-45.35464774E-03
-2.02000E-06,-41.04308999E-03
-1.99750E-06,-39.88228599E-03
-1.97500E-06,-40.87726085E-03
-1.95250E-06,-38.55565283E-03
-1.93000E-06,-38.22399455E-03
-1.90750E-06,-39.88228599E-03
-1.88500E-06,-38.22399455E-03
-1.86250E-06,-40.37977342E-03
-1.84000E-06,-38.22399455E-03
-1.81750E-06,-37.22901968E-03
-1.79500E-06,-16.33454754E-03
-1.77250E-06,+26.94685903E-03
-1.75000E-06,+68.07248673E-03
-1.72750E-06,+95.26846634E-03
-1.70500E-06,+106.54484812E-03
-1.68250E-06,+100.07751151E-03
-1.66000E-06,+80.84133081E-03
-1.63750E-06,+44.69057743E-03
-1.61500E-06,+5.22324117E-03
-1.59250E-06,-32.41997451E-03
-1.57000E-06,-40.87726085E-03
-1.54750E-06,-43.53052715E-03
-1.52500E-06,-40.87726085E-03
-1.50250E-06,-40.87726085E-03
-1.48000E-06,-40.87726085E-03
-1.45750E-06,-40.87726085E-03
-1.43500E-06,-39.21896941E-03
-1.41250E-06,-38.55565283E-03
-1.39000E-06,-40.54560256E-03
-1.36750E-06,-38.22399455E-03
-1.34500E-06,-38.22399455E-03
-1.32250E-06,-38.22399455E-03
-1.30000E-06,-29.93253735E-03
-1.27750E-06,+7.71067833E-03
-1.25500E-06,+49.83128089E-03
-1.23250E-06,+83.32876797E-03
-1.21000E-06,+99.91168237E-03
-1.18750E-06,+99.74585322E-03
-1.16500E-06,+84.82123027E-03
-1.14250E-06,+54.97198435E-03
-1.12000E-06,+16.83128125E-03
-1.09750E-06,-23.13354245E-03
-1.07500E-06,-39.71645684E-03
-1.05250E-06,-40.87726085E-03
-1.03000E-06,-43.53052715E-03
-1.00750E-06,-43.53052715E-03
-985.00E-09,-39.21896941E-03
-962.50E-09,-40.87726085E-03
-940.00E-09,-38.22399455E-03
-917.50E-09,-38.22399455E-03
-895.00E-09,-38.22399455E-03
-872.50E-09,-38.22399455E-03
-850.00E-09,-38.22399455E-03
-827.50E-09,-38.22399455E-03
-805.00E-09,-36.56570311E-03
-782.50E-09,-11.69133151E-03
-760.00E-09,+33.41419564E-03
-737.50E-09,+68.73580330E-03
-715.00E-09,+90.62525030E-03
-692.50E-09,+99.74585322E-03
-670.00E-09,+89.13278801E-03
-647.50E-09,+64.25841642E-03
-625.00E-09,+26.44937159E-03
-602.50E-09,-13.51545210E-03
-580.00E-09,-38.38982369E-03
-557.50E-09,-43.53052715E-03
-535.00E-09,-43.53052715E-03
-512.50E-09,-43.03303972E-03
-490.00E-09,-40.87726085E-03
-467.50E-09,-40.87726085E-03
-445.00E-09,-39.21896941E-03
-422.50E-09,-40.37977342E-03
-400.00E-09,-38.38982369E-03
-377.50E-09,-38.22399455E-03
-355.00E-09,-39.21896941E-03
-332.50E-09,-40.37977342E-03
-310.00E-09,-37.89233626E-03
-287.50E-09,-24.95766303E-03
-265.00E-09,+11.02726121E-03
-242.50E-09,+51.48957233E-03
-220.00E-09,+78.68555194E-03
-197.50E-09,+91.78605431E-03
-175.00E-09,+90.12776287E-03
-152.50E-09,+70.89158217E-03
-130.00E-09,+38.38906996E-03
-107.50E-09,-3.73153260E-03
-85.00E-09,-34.40992424E-03
-62.50E-09,-40.87726085E-03
-40.00E-09,-40.87726085E-03
-17.50E-09,-40.87726085E-03
+5.00E-09,-39.21896941E-03
+27.50E-09,-38.55565283E-03
+50.00E-09,-38.38982369E-03
+72.50E-09,-39.05314027E-03
+95.00E-09,-38.22399455E-03
+117.50E-09,-38.22399455E-03
+140.00E-09,-38.22399455E-03
+162.50E-09,-38.22399455E-03
+185.00E-09,-38.22399455E-03
+207.50E-09,-35.57072824E-03
+230.00E-09,-6.05314062E-03
+252.50E-09,+35.23831622E-03
+275.00E-09,+67.90665758E-03
+297.50E-09,+88.63530058E-03
+320.00E-09,+89.13278801E-03
+342.50E-09,+74.87148163E-03
+365.00E-09,+47.67550202E-03
+387.50E-09,+9.86645720E-03
+410.00E-09,-27.61092933E-03
+432.50E-09,-42.53555229E-03
+455.00E-09,-42.86721058E-03
+477.50E-09,-43.03303972E-03
+500.00E-09,-43.19886887E-03
+522.50E-09,-39.05314027E-03
+545.00E-09,-40.87726085E-03
+567.50E-09,-36.23404482E-03
+590.00E-09,-40.54560256E-03
+612.50E-09,-40.87726085E-03
+635.00E-09,-38.22399455E-03
+657.50E-09,-38.22399455E-03
+680.00E-09,-38.22399455E-03
+702.50E-09,-36.39987396E-03
+725.00E-09,-23.29937159E-03
+747.50E-09,+16.99711039E-03
+770.00E-09,+54.80615521E-03
+792.50E-09,+78.51972280E-03
+815.00E-09,+86.47952171E-03
+837.50E-09,+78.85138108E-03
+860.00E-09,+54.64032607E-03
+882.50E-09,+21.80615556E-03
+905.00E-09,-17.49535155E-03
+927.50E-09,-38.22399455E-03
+950.00E-09,-40.87726085E-03
+972.50E-09,-42.53555229E-03
+995.00E-09,-39.21896941E-03
+1.01750E-06,-40.87726085E-03
+1.04000E-06,-38.38982369E-03
+1.06250E-06,-39.88228599E-03
+1.08500E-06,-40.87726085E-03
+1.10750E-06,-38.22399455E-03
+1.13000E-06,-38.22399455E-03
+1.15250E-06,-38.22399455E-03
+1.17500E-06,-38.22399455E-03
+1.19750E-06,-35.57072824E-03
+1.22000E-06,-32.91746194E-03
+1.24250E-06,+1.57500000E-03
+1.26500E-06,+38.72072825E-03
+1.28750E-06,+70.06243645E-03
+1.31000E-06,+81.33881824E-03
+1.33250E-06,+82.83128054E-03
+1.35500E-06,+64.59007470E-03
+1.37750E-06,+34.07751222E-03
+1.40000E-06,-3.89736175E-03
+1.42250E-06,-33.74660766E-03
+1.44500E-06,-40.87726085E-03
+1.46750E-06,-43.03303972E-03
+1.49000E-06,-40.87726085E-03
+1.51250E-06,-39.88228599E-03
+1.53500E-06,-39.21896941E-03
+1.55750E-06,-40.37977342E-03
+1.58000E-06,-38.22399455E-03
+1.60250E-06,-39.88228599E-03
+1.62500E-06,-38.22399455E-03
+1.64750E-06,-38.22399455E-03
+1.67000E-06,-38.22399455E-03
+1.69250E-06,-38.22399455E-03
+1.71500E-06,-37.06319054E-03
+1.73750E-06,-14.34459782E-03
+1.76000E-06,+22.80113043E-03
+1.78250E-06,+58.12273809E-03
+1.80500E-06,+80.01218509E-03
+1.82750E-06,+81.50464739E-03
+1.85000E-06,+70.55992389E-03
+1.87250E-06,+45.68555229E-03
+1.89500E-06,+6.88153261E-03
+1.91750E-06,-29.10339163E-03
+1.94000E-06,-40.87726085E-03
+1.96250E-06,-42.53555229E-03
+1.98500E-06,-39.71645684E-03
+2.00750E-06,-40.87726085E-03
+2.03000E-06,-40.54560256E-03
+2.05250E-06,-39.88228599E-03
+2.07500E-06,-38.22399455E-03
+2.09750E-06,-40.37977342E-03
+2.12000E-06,-40.54560256E-03
+2.14250E-06,-38.22399455E-03
+2.16500E-06,-38.22399455E-03
+2.18750E-06,-38.22399455E-03
+2.21000E-06,-38.22399455E-03
+2.23250E-06,-24.95766303E-03
+2.25500E-06,+12.68555265E-03
+2.27750E-06,+48.83630603E-03
+2.30000E-06,+75.53479820E-03
+2.32250E-06,+83.82625540E-03
+2.34500E-06,+76.86143136E-03
+2.36750E-06,+57.62525066E-03
+2.39000E-06,+22.46947214E-03
+2.41250E-06,-13.51545210E-03
+2.43500E-06,-38.22399455E-03
+2.45750E-06,-41.20891914E-03
+2.48000E-06,-40.87726085E-03
+2.50250E-06,-40.87726085E-03
+2.52500E-06,-39.71645684E-03
+2.54750E-06,-40.87726085E-03
+2.57000E-06,-40.54560256E-03
+2.59250E-06,-39.88228599E-03
+2.61500E-06,-40.87726085E-03
+2.63750E-06,-38.22399455E-03
+2.66000E-06,-38.22399455E-03
+2.68250E-06,-38.22399455E-03
+2.70500E-06,-37.06319054E-03
+2.72750E-06,-32.91746194E-03
+2.75000E-06,-3.39987432E-03
+2.77250E-06,+37.89158253E-03
+2.79500E-06,+66.74585358E-03
+2.81750E-06,+83.82625540E-03
+2.84000E-06,+86.14786342E-03
+2.86250E-06,+66.91168272E-03
+2.88500E-06,+39.71570311E-03
+2.90750E-06,+1.90665829E-03
+2.93000E-06,-33.08329108E-03
+2.95250E-06,-41.70640657E-03
+2.97500E-06,-41.87223571E-03
+2.99750E-06,-40.87726085E-03
+3.02000E-06,-40.87726085E-03
+3.04250E-06,-40.87726085E-03
+3.06500E-06,-40.87726085E-03
+3.08750E-06,-38.22399455E-03
+3.11000E-06,-38.22399455E-03
+3.13250E-06,-39.05314027E-03
+3.15500E-06,-38.22399455E-03
+3.17750E-06,-38.22399455E-03
+3.20000E-06,-38.22399455E-03
+3.22250E-06,-33.74660766E-03
+3.24500E-06,-14.34459782E-03
+3.26750E-06,+24.95690930E-03
+3.29000E-06,+60.44434611E-03
+3.31250E-06,+83.82625540E-03
+3.33500E-06,+87.97198400E-03
+3.35750E-06,+78.85138108E-03
+3.38000E-06,+54.30866778E-03
+3.40250E-06,+16.49962296E-03
+3.42500E-06,-20.14861786E-03
+3.44750E-06,-38.22399455E-03
+3.47000E-06,-43.19886887E-03
+3.49250E-06,-41.70640657E-03
+3.51500E-06,-40.87726085E-03
+3.53750E-06,-40.37977342E-03
+3.56000E-06,-40.54560256E-03
+3.58250E-06,-39.88228599E-03
+3.60500E-06,-38.22399455E-03
+3.62750E-06,-38.22399455E-03
+3.65000E-06,-35.73655739E-03
+3.67250E-06,-36.39987396E-03
+3.69500E-06,-36.56570311E-03
+3.71750E-06,-38.22399455E-03
+3.74000E-06,-24.95766303E-03
+3.76250E-06,+10.36394463E-03
+3.78500E-06,+53.47952206E-03
+3.80750E-06,+83.32876797E-03
+3.83000E-06,+94.10766233E-03
+3.85250E-06,+89.13278801E-03
+3.87500E-06,+68.90163245E-03
+3.89750E-06,+34.07751222E-03
+3.92000E-06,-4.22902004E-03
+3.94250E-06,-32.91746194E-03
+3.96500E-06,-43.53052715E-03
+3.98750E-06,-41.20891914E-03
+4.01000E-06,-42.86721058E-03
+4.03250E-06,-42.53555229E-03
+4.05500E-06,-40.87726085E-03
+4.07750E-06,-40.37977342E-03
+4.10000E-06,-38.38982369E-03
+4.12250E-06,-38.22399455E-03
+4.14500E-06,-37.06319054E-03
+4.16750E-06,-38.22399455E-03
+4.19000E-06,-40.54560256E-03
+4.21250E-06,-37.22901968E-03
+4.23500E-06,-31.25917050E-03
+4.25750E-06,+3.73077887E-03
+4.28000E-06,+44.52474829E-03
+4.30250E-06,+76.69560221E-03
+4.32500E-06,+94.43932062E-03
+4.34750E-06,+94.77097890E-03
+4.37000E-06,+80.84133081E-03
+4.39250E-06,+51.98705976E-03
+4.41500E-06,+13.18304008E-03
+4.43750E-06,-26.78178361E-03
+4.46000E-06,-43.19886887E-03
+4.48250E-06,-42.53555229E-03
+4.50500E-06,-41.87223571E-03
+4.52750E-06,-40.87726085E-03
+4.55000E-06,-40.87726085E-03
+4.57250E-06,-40.87726085E-03
+4.59500E-06,-38.22399455E-03
+4.61750E-06,-40.37977342E-03
+4.64000E-06,-38.22399455E-03
+4.66250E-06,-38.22399455E-03
+4.68500E-06,-37.06319054E-03
+4.70750E-06,-38.22399455E-03
+4.73000E-06,-32.91746194E-03
+4.75250E-06,-8.04309035E-03
+4.77500E-06,+33.41419564E-03
+4.79750E-06,+72.71570276E-03
+4.82000E-06,+94.43932062E-03
+4.84250E-06,+102.39911953E-03
+4.86500E-06,+94.43932062E-03
+4.88750E-06,+70.89158217E-03
+4.91000E-06,+32.75087907E-03
+4.93250E-06,-7.21394463E-03
+4.95500E-06,-38.22399455E-03
+4.97750E-06,-41.20891914E-03
+5.00000E-06,-43.53052715E-03
+5.02250E-06,-43.53052715E-03
+5.04500E-06,-40.87726085E-03
+5.06750E-06,-40.87726085E-03
+5.09000E-06,-38.22399455E-03
+5.11250E-06,-40.87726085E-03
+5.13500E-06,-39.21896941E-03
+5.15750E-06,-40.37977342E-03
+5.18000E-06,-38.22399455E-03
+5.20250E-06,-39.88228599E-03
+5.22500E-06,-35.57072824E-03
+5.24750E-06,-22.30439673E-03
+5.27000E-06,+17.99208525E-03
+5.29250E-06,+62.60012498E-03
+5.31500E-06,+93.27851661E-03
+5.33750E-06,+107.70565213E-03
+5.36000E-06,+104.72072754E-03
+5.38250E-06,+84.65540112E-03
+5.40500E-06,+50.32876832E-03
+5.42750E-06,+7.21319090E-03
+5.45000E-06,-27.77675848E-03
+5.47250E-06,-41.70640657E-03
+5.49500E-06,-41.87223571E-03
+5.51750E-06,-43.03303972E-03
+5.54000E-06,-40.87726085E-03
+5.56250E-06,-41.54057743E-03
+5.58500E-06,-38.22399455E-03
+5.60750E-06,-40.37977342E-03
+5.63000E-06,-40.54560256E-03
+5.65250E-06,-39.05314027E-03
+5.67500E-06,-38.22399455E-03
+5.69750E-06,-38.22399455E-03
+5.72000E-06,-35.73655739E-03
+5.74250E-06,-26.61595447E-03
+5.76500E-06,+8.37399490E-03
+5.78750E-06,+54.14283864E-03
+5.81000E-06,+86.97700914E-03
+5.83250E-06,+107.70565213E-03
+5.85500E-06,+110.35891843E-03
+5.87750E-06,+95.10263719E-03
+5.90000E-06,+67.90665758E-03
+5.92250E-06,+30.42927105E-03
+5.94500E-06,-14.34459782E-03
+5.96750E-06,-38.22399455E-03
+5.99000E-06,-43.53052715E-03
+6.01250E-06,-43.53052715E-03
+6.03500E-06,-40.87726085E-03
+6.05750E-06,-41.20891914E-03
+6.08000E-06,-40.87726085E-03
+6.10250E-06,-39.88228599E-03
+6.12500E-06,-41.37474828E-03
+6.14750E-06,-35.90238653E-03
+6.17000E-06,-40.54560256E-03
+6.19250E-06,-37.22901968E-03
+6.21500E-06,-38.22399455E-03
+6.23750E-06,-33.24912023E-03
+6.26000E-06,-5.72148233E-03
+6.28250E-06,+40.54484883E-03
+6.30500E-06,+80.01218509E-03
+6.32750E-06,+106.87650641E-03
+6.35000E-06,+113.01218474E-03
+6.37250E-06,+105.05238583E-03
+6.39500E-06,+80.50967252E-03
+6.41750E-06,+47.01218545E-03
+6.44000E-06,+1.07751257E-03
+6.46250E-06,-31.09334136E-03
+6.48500E-06,-41.87223571E-03
+6.50750E-06,-43.53052715E-03
+6.53000E-06,-41.04308999E-03
+6.55250E-06,-40.87726085E-03
+6.57500E-06,-39.21896941E-03
+6.59750E-06,-40.37977342E-03
+6.62000E-06,-40.87726085E-03
+6.64250E-06,-39.88228599E-03
+6.66500E-06,-38.22399455E-03
+6.68750E-06,-38.22399455E-03
+6.71000E-06,-38.22399455E-03
+6.73250E-06,-37.22901968E-03
+6.75500E-06,-19.65113042E-03
+6.77750E-06,+24.95690930E-03
+6.80000E-06,+68.40414501E-03
+6.82250E-06,+97.92173264E-03
+6.84500E-06,+114.50464703E-03
+6.86750E-06,+110.69057672E-03
+6.89000E-06,+94.43932062E-03
+6.91250E-06,+63.26344155E-03
+6.93500E-06,+19.48454755E-03
+6.95750E-06,-24.12851731E-03
+6.98000E-06,-40.87726085E-03
+7.00250E-06,-43.53052715E-03
+7.02500E-06,-40.87726085E-03
+7.04750E-06,-40.87726085E-03
+7.07000E-06,-43.19886887E-03
+7.09250E-06,-40.87726085E-03
+7.11500E-06,-39.71645684E-03
+7.13750E-06,-38.22399455E-03
+7.16000E-06,-38.38982369E-03
+7.18250E-06,-38.22399455E-03
+7.20500E-06,-38.22399455E-03
+7.22750E-06,-37.72650711E-03
+7.25000E-06,-27.61092933E-03
+7.27250E-06,+6.05238689E-03
+7.29500E-06,+56.13278836E-03
+7.31750E-06,+88.63530058E-03
+7.34000E-06,+110.52474758E-03
+7.36250E-06,+114.67047618E-03
+7.38500E-06,+103.39409439E-03
+7.40750E-06,+73.87650677E-03
+7.43000E-06,+35.73580366E-03
+7.45250E-06,-7.21394463E-03
+7.47500E-06,-37.06319054E-03
+7.49750E-06,-40.87726085E-03
+7.52000E-06,-43.19886887E-03
+7.54250E-06,-42.53555229E-03
+7.56500E-06,-41.37474828E-03
+7.58750E-06,-41.20891914E-03
+7.61000E-06,-40.54560256E-03
+7.63250E-06,-39.88228599E-03
+7.65500E-06,-40.87726085E-03
+7.67750E-06,-38.22399455E-03
+7.70000E-06,-40.54560256E-03
+7.72250E-06,-39.88228599E-03
+7.74500E-06,-35.57072824E-03
+7.76750E-06,-6.71645720E-03
+7.79000E-06,+38.88655739E-03
+7.81250E-06,+77.69057708E-03
+7.83500E-06,+103.89158182E-03
+7.85750E-06,+115.66545104E-03
+7.88000E-06,+107.70565213E-03
+7.90250E-06,+84.48957198E-03
+7.92500E-06,+47.01218545E-03
+7.94750E-06,+4.55992459E-03
+7.97000E-06,-30.43002478E-03
+7.99250E-06,-40.87726085E-03
+8.01500E-06,-43.53052715E-03
+8.03750E-06,-43.53052715E-03
+8.06000E-06,-40.87726085E-03
+8.08250E-06,-40.87726085E-03
+8.10500E-06,-39.21896941E-03
+8.12750E-06,-38.55565283E-03
+8.15000E-06,-40.87726085E-03
+8.17250E-06,-38.22399455E-03
+8.19500E-06,-38.22399455E-03
+8.21750E-06,-38.22399455E-03
+8.24000E-06,-38.22399455E-03
+8.26250E-06,-22.96771330E-03
+8.28500E-06,+18.98706012E-03
+8.30750E-06,+61.77097926E-03
+8.33000E-06,+91.95188346E-03
+8.35250E-06,+110.35891843E-03
+8.37500E-06,+108.70062700E-03
+8.39750E-06,+91.78605431E-03
+8.42000E-06,+63.92675813E-03
+8.44250E-06,+19.15288926E-03
+8.46500E-06,-21.14359272E-03
+8.48750E-06,-40.87726085E-03
+8.51000E-06,-41.04308999E-03
+8.53250E-06,-43.53052715E-03
+8.55500E-06,-40.87726085E-03
+8.57750E-06,-41.20891914E-03
+8.60000E-06,-40.87726085E-03
+8.62250E-06,-39.88228599E-03
+8.64500E-06,-39.71645684E-03
+8.66750E-06,-40.87726085E-03
+8.69000E-06,-38.22399455E-03
+8.71250E-06,-38.22399455E-03
+8.73500E-06,-38.22399455E-03
+8.75750E-06,-32.91746194E-03
+8.78000E-06,-2.73655774E-03
+8.80250E-06,+43.19811513E-03
+8.82500E-06,+81.67047653E-03
+8.84750E-06,+101.90163209E-03
+8.87000E-06,+107.70565213E-03
+8.89250E-06,+96.09761206E-03
+8.91500E-06,+68.90163245E-03
+8.93750E-06,+31.09258763E-03
+8.96000E-06,-9.53555264E-03
+8.98250E-06,-36.39987396E-03
+9.00500E-06,-43.53052715E-03
+9.02750E-06,-43.53052715E-03
+9.05000E-06,-40.87726085E-03
+9.07250E-06,-40.87726085E-03
+9.09500E-06,-39.21896941E-03
+9.11750E-06,-40.87726085E-03
+9.14000E-06,-40.87726085E-03
+9.16250E-06,-39.88228599E-03
+9.18500E-06,-38.22399455E-03
+9.20750E-06,-38.22399455E-03
+9.23000E-06,-38.22399455E-03
+9.25250E-06,-35.57072824E-03
+9.27500E-06,-17.99283898E-03
+9.29750E-06,+24.95690930E-03
+9.32000E-06,+65.25339128E-03
+9.34250E-06,+92.61520003E-03
+9.36500E-06,+103.39409439E-03
+9.38750E-06,+97.09258692E-03
+9.41000E-06,+75.53479820E-03
+9.43250E-06,+44.69057743E-03
+9.45500E-06,+1.07751257E-03
+9.47750E-06,-32.91746194E-03
+9.50000E-06,-43.53052715E-03
+9.52250E-06,-43.53052715E-03
+9.54500E-06,-40.87726085E-03
+9.56750E-06,-38.55565283E-03
+9.59000E-06,-40.54560256E-03
+9.61250E-06,-41.70640657E-03
+9.63500E-06,-38.22399455E-03
+9.65750E-06,-38.22399455E-03
+9.68000E-06,-35.73655739E-03
+9.70250E-06,-37.22901968E-03
+9.72500E-06,-38.22399455E-03
+9.74750E-06,-40.37977342E-03
+9.77000E-06,-29.93253735E-03
+9.79250E-06,+6.05238689E-03
+9.81500E-06,+48.17298945E-03
+9.83750E-06,+78.51972280E-03
+9.86000E-06,+97.09258692E-03
+9.88250E-06,+98.75087836E-03
+9.90500E-06,+83.16293883E-03
+9.92750E-06,+52.31871805E-03
+9.95000E-06,+11.85640693E-03
+9.97250E-06,-25.78680875E-03
+9.99500E-06,-39.21896941E-03
+10.01750E-06,-43.53052715E-03
+10.04000E-06,-40.87726085E-03
+10.06250E-06,-39.88228599E-03
+10.08500E-06,-40.87726085E-03
+10.10750E-06,-38.22399455E-03
+10.13000E-06,-38.38982369E-03
+10.15250E-06,-39.05314027E-03
+10.17500E-06,-38.22399455E-03
+10.19750E-06,-38.22399455E-03
+10.22000E-06,-38.22399455E-03
+10.24250E-06,-37.22901968E-03
+10.26500E-06,-35.57072824E-03
+10.28750E-06,-12.35464809E-03
+10.31000E-06,+28.27349218E-03
+10.33250E-06,+65.25339128E-03
+10.35500E-06,+86.47952171E-03
+10.37750E-06,+96.59509949E-03
+10.40000E-06,+83.99208455E-03
+10.42250E-06,+59.94685867E-03
+10.44500E-06,+24.79108016E-03
+10.46750E-06,-16.16871840E-03
+10.49000E-06,-35.73655739E-03
+10.51250E-06,-42.53555229E-03
+10.53500E-06,-43.53052715E-03
+10.55750E-06,-40.87726085E-03
+10.58000E-06,-38.72148198E-03
+10.60250E-06,-40.87726085E-03
+10.62500E-06,-38.22399455E-03
+10.64750E-06,-38.22399455E-03
+10.67000E-06,-37.89233626E-03
+10.69250E-06,-38.22399455E-03
+10.71500E-06,-36.56570311E-03
+10.73750E-06,-40.37977342E-03
+10.76000E-06,-36.06821568E-03
+10.78250E-06,-26.61595447E-03
+10.80500E-06,+8.37399490E-03
+10.82750E-06,+46.18303973E-03
+10.85000E-06,+76.03228564E-03
+10.87250E-06,+91.78605431E-03
+10.89500E-06,+86.47952171E-03
+10.91750E-06,+67.90665758E-03
+10.94000E-06,+38.05741167E-03
+10.96250E-06,-3.73153260E-03
+10.98500E-06,-33.91243680E-03
+11.00750E-06,-43.53052715E-03
+11.03000E-06,-43.53052715E-03
+11.05250E-06,-40.87726085E-03
+11.07500E-06,-39.21896941E-03
+11.09750E-06,-38.55565283E-03
+11.12000E-06,-40.54560256E-03
+11.14250E-06,-39.88228599E-03
+11.16500E-06,-38.22399455E-03
+11.18750E-06,-38.55565283E-03
+11.21000E-06,-38.38982369E-03
+11.23250E-06,-35.57072824E-03
+11.25500E-06,-39.71645684E-03
+11.27750E-06,-32.91746194E-03
+11.30000E-06,-8.70640692E-03
+11.32250E-06,+31.59007506E-03
+11.34500E-06,+65.25339128E-03
+11.36750E-06,+83.82625540E-03
+11.39000E-06,+86.47952171E-03
+11.41250E-06,+72.21821533E-03
+11.43500E-06,+47.67550202E-03
+11.45750E-06,+9.86645720E-03
+11.48000E-06,-25.78680875E-03
+11.50250E-06,-40.87726085E-03
+11.52500E-06,-43.53052715E-03
+11.54750E-06,-43.53052715E-03
+11.57000E-06,-40.87726085E-03
+11.59250E-06,-39.05314027E-03
+11.61500E-06,-39.21896941E-03
+11.63750E-06,-38.55565283E-03
+11.66000E-06,-40.54560256E-03
+11.68250E-06,-39.05314027E-03
+11.70500E-06,-37.06319054E-03
+11.72750E-06,-38.22399455E-03
+11.75000E-06,-40.54560256E-03
+11.77250E-06,-38.22399455E-03
+11.79500E-06,-23.29937159E-03
+11.81750E-06,+14.34384409E-03
+11.84000E-06,+54.64032607E-03
+11.86250E-06,+75.86645649E-03
+11.88500E-06,+83.82625540E-03
+11.90750E-06,+78.02223536E-03
+11.93000E-06,+54.30866778E-03
+11.95250E-06,+21.80615556E-03
+11.97500E-06,-17.49535155E-03
+11.99750E-06,-38.22399455E-03
+12.02000E-06,-43.53052715E-03
+12.04250E-06,-40.87726085E-03
+12.06500E-06,-40.87726085E-03
+12.08750E-06,-40.37977342E-03
+12.11000E-06,-40.54560256E-03
+12.13250E-06,-39.88228599E-03
+12.15500E-06,-39.71645684E-03
+12.17750E-06,-38.22399455E-03
+12.20000E-06,-38.22399455E-03
+12.22250E-06,-39.88228599E-03
+12.24500E-06,-38.22399455E-03
+12.26750E-06,-38.22399455E-03
+12.29000E-06,-30.26419564E-03
+12.31250E-06,-83.29144E-06
+12.33500E-06,+39.21821568E-03
+12.35750E-06,+69.73077817E-03
+12.38000E-06,+83.82625540E-03
+12.40250E-06,+82.83128054E-03
+12.42500E-06,+63.59509984E-03
+12.44750E-06,+33.74585393E-03
+12.47000E-06,-6.55062805E-03
+12.49250E-06,-36.39987396E-03
+12.51500E-06,-42.36972315E-03
+12.53750E-06,-43.53052715E-03
+12.56000E-06,-38.38982369E-03
+12.58250E-06,-39.05314027E-03
+12.60500E-06,-38.22399455E-03
+12.62750E-06,-38.55565283E-03
+12.65000E-06,-40.54560256E-03
+12.67250E-06,-39.88228599E-03
+12.69500E-06,-37.56067797E-03
+12.71750E-06,-38.22399455E-03
+12.74000E-06,-38.38982369E-03
+12.76250E-06,-39.88228599E-03
+12.78500E-06,-37.06319054E-03
+12.80750E-06,-14.67625611E-03
+12.83000E-06,+25.45439673E-03
+12.85250E-06,+59.94685867E-03
+12.87500E-06,+78.51972280E-03
+12.89750E-06,+84.15791369E-03
+12.92000E-06,+73.21319019E-03
+12.94250E-06,+45.68555229E-03
+12.96500E-06,+10.52977378E-03
+12.98750E-06,-24.46017560E-03
+13.01000E-06,-41.04308999E-03
+13.03250E-06,-42.53555229E-03
+13.05500E-06,-40.87726085E-03
+13.07750E-06,-40.37977342E-03
+13.10000E-06,-40.87726085E-03
+13.12250E-06,-38.22399455E-03
+13.14500E-06,-40.87726085E-03
+13.16750E-06,-38.22399455E-03
+13.19000E-06,-38.22399455E-03
+13.21250E-06,-38.22399455E-03
+13.23500E-06,-38.22399455E-03
+13.25750E-06,-37.72650711E-03
+13.28000E-06,-37.89233626E-03
+13.30250E-06,-25.62097961E-03
+13.32500E-06,+11.02726121E-03
+13.34750E-06,+50.82625576E-03
+13.37000E-06,+75.86645649E-03
+13.39250E-06,+86.47952171E-03
+13.41500E-06,+80.01218509E-03
+13.43750E-06,+59.94685867E-03
+13.46000E-06,+24.79108016E-03
+13.48250E-06,-10.86218579E-03
+13.50500E-06,-36.06821568E-03
+13.52750E-06,-43.03303972E-03
+13.55000E-06,-40.87726085E-03
+13.57250E-06,-43.53052715E-03
+13.59500E-06,-39.21896941E-03
+13.61750E-06,-40.87726085E-03
+13.64000E-06,-40.87726085E-03
+13.66250E-06,-38.22399455E-03
+13.68500E-06,-38.22399455E-03
+13.70750E-06,-38.22399455E-03
+13.73000E-06,-40.87726085E-03
+13.75250E-06,-39.88228599E-03
+13.77500E-06,-36.56570311E-03
+13.79750E-06,-30.59585392E-03
+13.82000E-06,-3.06821603E-03
+13.84250E-06,+37.89158253E-03
+13.86500E-06,+72.05238618E-03
+13.88750E-06,+86.47952171E-03
+13.91000E-06,+86.47952171E-03
+13.93250E-06,+69.56494902E-03
+13.95500E-06,+40.71067797E-03
+13.97750E-06,+2.23831658E-03
+14.00000E-06,-32.58580365E-03
+14.02250E-06,-42.53555229E-03
+14.04500E-06,-42.36972315E-03
+14.06750E-06,-41.20891914E-03
+14.09000E-06,-40.87726085E-03
+14.11250E-06,-40.87726085E-03
+14.13500E-06,-39.71645684E-03
+14.15750E-06,-38.22399455E-03
+14.18000E-06,-38.22399455E-03
+14.20250E-06,-38.22399455E-03
+14.22500E-06,-38.22399455E-03
+14.24750E-06,-38.22399455E-03
+14.27000E-06,-38.22399455E-03
+14.29250E-06,-34.57575338E-03
+14.31500E-06,-11.02801494E-03
+14.33750E-06,+29.93178362E-03
+14.36000E-06,+62.76595412E-03
+14.38250E-06,+86.47952171E-03
+14.40500E-06,+92.78102918E-03
+14.42750E-06,+81.17298910E-03
+14.45000E-06,+56.63027579E-03
+14.47250E-06,+19.15288926E-03
+14.49500E-06,-20.14861786E-03
+14.51750E-06,-38.22399455E-03
+14.54000E-06,-43.53052715E-03
+14.56250E-06,-40.87726085E-03
+14.58500E-06,-40.87726085E-03
+14.60750E-06,-40.87726085E-03
+14.63000E-06,-38.38982369E-03
+14.65250E-06,-39.05314027E-03
+14.67500E-06,-40.87726085E-03
+14.69750E-06,-38.22399455E-03
+14.72000E-06,-38.22399455E-03
+14.74250E-06,-38.22399455E-03
+14.76500E-06,-38.22399455E-03
+14.78750E-06,-37.72650711E-03
+14.81000E-06,-21.97273844E-03
+14.83250E-06,+18.32374354E-03
+14.85500E-06,+57.29359237E-03
+14.87750E-06,+83.32876797E-03
+14.90000E-06,+94.43932062E-03
+14.92250E-06,+91.78605431E-03
+14.94500E-06,+71.55489875E-03
+14.96750E-06,+39.05238654E-03
+14.99000E-06,-1.57575373E-03
+15.01250E-06,-35.57072824E-03
+15.03500E-06,-43.53052715E-03
+15.05750E-06,-43.03303972E-03
+15.08000E-06,-43.19886887E-03
+15.10250E-06,-39.88228599E-03
+15.12500E-06,-39.71645684E-03
+15.14750E-06,-40.87726085E-03
+15.17000E-06,-40.87726085E-03
+15.19250E-06,-39.88228599E-03
+15.21500E-06,-39.21896941E-03
+15.23750E-06,-38.22399455E-03
+15.26000E-06,-38.22399455E-03
+15.28250E-06,-36.39987396E-03
+15.30500E-06,-30.26419564E-03
+15.32750E-06,+6.05238689E-03
+15.35000E-06,+49.33379346E-03
+15.37250E-06,+79.34886852E-03
+15.39500E-06,+98.58504921E-03
+15.41750E-06,+101.90163209E-03
+15.44000E-06,+83.49459711E-03
+15.46250E-06,+58.95188381E-03
+15.48500E-06,+16.83128125E-03
+15.50750E-06,-24.12851731E-03
+15.53000E-06,-40.87726085E-03
+15.55250E-06,-42.53555229E-03
+15.57500E-06,-41.87223571E-03
+15.59750E-06,-40.87726085E-03
+15.62000E-06,-40.87726085E-03
+15.64250E-06,-39.88228599E-03
+15.66500E-06,-38.22399455E-03
+15.68750E-06,-38.55565283E-03
+15.71000E-06,-38.22399455E-03
+15.73250E-06,-38.88731112E-03
+15.75500E-06,-38.22399455E-03
+15.77750E-06,-38.22399455E-03
+15.80000E-06,-32.91746194E-03
+15.82250E-06,-7.04811548E-03
+15.84500E-06,+34.90665794E-03
+15.86750E-06,+72.71570276E-03
+15.89000E-06,+99.74585322E-03
+15.91250E-06,+107.70565213E-03
+15.93500E-06,+95.43429548E-03
+15.95750E-06,+70.89158217E-03
+15.98000E-06,+33.08253735E-03
+16.00250E-06,-5.55565319E-03
+16.02500E-06,-37.06319054E-03
+16.04750E-06,-40.87726085E-03
+16.07000E-06,-43.19886887E-03
+16.09250E-06,-39.88228599E-03
+16.11500E-06,-41.87223571E-03
+16.13750E-06,-40.87726085E-03
+16.16000E-06,-38.38982369E-03
+16.18250E-06,-39.88228599E-03
+16.20500E-06,-38.22399455E-03
+16.22750E-06,-40.37977342E-03
+16.25000E-06,-40.54560256E-03
+16.27250E-06,-38.22399455E-03
+16.29500E-06,-38.22399455E-03
+16.31750E-06,-19.98278871E-03
+16.34000E-06,+25.62022588E-03
+16.36250E-06,+66.08253700E-03
+16.38500E-06,+94.43932062E-03
+16.40750E-06,+109.86143100E-03
+16.43000E-06,+105.05238583E-03
+16.45250E-06,+85.48454684E-03
+16.47500E-06,+51.32374319E-03
+16.49750E-06,+12.51972350E-03
+16.52000E-06,-27.61092933E-03
+16.54250E-06,-40.87726085E-03
+16.56500E-06,-43.53052715E-03
+16.58750E-06,-40.87726085E-03
+16.61000E-06,-40.87726085E-03
+16.63250E-06,-39.88228599E-03
+16.65500E-06,-40.87726085E-03
+16.67750E-06,-40.87726085E-03
+16.70000E-06,-40.54560256E-03
+16.72250E-06,-38.22399455E-03
+16.74500E-06,-38.22399455E-03
+16.76750E-06,-38.22399455E-03
+16.79000E-06,-38.22399455E-03
+16.81250E-06,-26.61595447E-03
+16.83500E-06,+9.53479891E-03
+16.85750E-06,+53.81118035E-03
+16.88000E-06,+89.29861715E-03
+16.90250E-06,+108.53479785E-03
+16.92500E-06,+110.35891843E-03
+16.94750E-06,+97.42424521E-03
+16.97000E-06,+69.89660731E-03
+16.99250E-06,+28.77097961E-03
+17.01500E-06,-10.53052751E-03
+17.03750E-06,-38.22399455E-03
+17.06000E-06,-43.53052715E-03
+17.08250E-06,-40.87726085E-03
+17.10500E-06,-40.87726085E-03
+17.12750E-06,-40.87726085E-03
+17.15000E-06,-40.87726085E-03
+17.17250E-06,-39.05314027E-03
+17.19500E-06,-40.87726085E-03
+17.21750E-06,-40.87726085E-03
+17.24000E-06,-38.22399455E-03
+17.26250E-06,-38.22399455E-03
+17.28500E-06,-38.22399455E-03
+17.30750E-06,-32.91746194E-03
+17.33000E-06,-3.73153260E-03
+17.35250E-06,+41.53982369E-03
+17.37500E-06,+82.66545139E-03
+17.39750E-06,+104.55489840E-03
+17.42000E-06,+113.17801388E-03
+17.44250E-06,+106.71067727E-03
+17.46500E-06,+83.16293883E-03
+17.48750E-06,+47.34384373E-03
+17.51000E-06,+3.89660802E-03
+17.53250E-06,-31.09334136E-03
+17.55500E-06,-42.36972315E-03
+17.57750E-06,-43.53052715E-03
+17.60000E-06,-43.53052715E-03
+17.62250E-06,-40.87726085E-03
+17.64500E-06,-40.87726085E-03
+17.66750E-06,-40.87726085E-03
+17.69000E-06,-40.87726085E-03
+17.71250E-06,-40.87726085E-03
+17.73500E-06,-39.21896941E-03
+17.75750E-06,-38.55565283E-03
+17.78000E-06,-40.54560256E-03
+17.80250E-06,-35.57072824E-03
+17.82500E-06,-19.65113042E-03
+17.84750E-06,+26.94685903E-03
+17.87000E-06,+68.40414501E-03
+17.89250E-06,+97.92173264E-03
+17.91500E-06,+114.50464703E-03
+17.93750E-06,+113.01218474E-03
+17.96000E-06,+94.10766233E-03
+17.98250E-06,+60.61017525E-03
+18.00500E-06,+19.48454755E-03
+18.02750E-06,-24.12851731E-03
+18.05000E-06,-40.87726085E-03
+18.07250E-06,-43.53052715E-03
+18.09500E-06,-43.53052715E-03
+18.11750E-06,-41.20891914E-03
+18.14000E-06,-40.87726085E-03
+18.16250E-06,-40.87726085E-03
+18.18500E-06,-39.71645684E-03
+18.20750E-06,-38.55565283E-03
+18.23000E-06,-38.22399455E-03
+18.25250E-06,-39.05314027E-03
+18.27500E-06,-38.22399455E-03
+18.29750E-06,-35.90238653E-03
+18.32000E-06,-27.61092933E-03
+18.34250E-06,+7.04736175E-03
+18.36500E-06,+50.82625576E-03
+18.38750E-06,+88.63530058E-03
+18.41000E-06,+110.02726015E-03
+18.43250E-06,+114.67047618E-03
+18.45500E-06,+100.74082809E-03
+18.47750E-06,+71.22324046E-03
+18.50000E-06,+35.40414537E-03
+18.52250E-06,-8.20891949E-03
+18.54500E-06,-37.06319054E-03
+18.56750E-06,-40.87726085E-03
+18.59000E-06,-41.04308999E-03
+18.61250E-06,-41.70640657E-03
+18.63500E-06,-40.87726085E-03
+18.65750E-06,-40.87726085E-03
+18.68000E-06,-40.87726085E-03
+18.70250E-06,-38.22399455E-03
+18.72500E-06,-40.87726085E-03
+18.74750E-06,-38.22399455E-03
+18.77000E-06,-38.38982369E-03
+18.79250E-06,-38.22399455E-03
+18.81500E-06,-34.40992424E-03
+18.83750E-06,-12.02298980E-03
+18.86000E-06,+36.23329109E-03
+18.88250E-06,+76.69560221E-03
+18.90500E-06,+101.23831552E-03
+18.92750E-06,+113.01218474E-03
+18.95000E-06,+105.05238583E-03
+18.97250E-06,+82.83128054E-03
+18.99500E-06,+45.02223572E-03
+19.01750E-06,+7.21319090E-03
+19.04000E-06,-32.91746194E-03
+19.06250E-06,-40.87726085E-03
+19.08500E-06,-43.53052715E-03
+19.10750E-06,-40.87726085E-03
+19.13000E-06,-38.38982369E-03
+19.15250E-06,-39.88228599E-03
+19.17500E-06,-40.87726085E-03
+19.19750E-06,-38.55565283E-03
+19.22000E-06,-40.87726085E-03
+19.24250E-06,-39.05314027E-03
+19.26500E-06,-38.22399455E-03
+19.28750E-06,-40.37977342E-03
+19.31000E-06,-37.89233626E-03
+19.33250E-06,-23.96268817E-03
+19.35500E-06,+16.33379381E-03
+19.37750E-06,+57.29359237E-03
+19.40000E-06,+89.29861715E-03
+19.42250E-06,+107.70565213E-03
+19.44500E-06,+107.70565213E-03
+19.46750E-06,+91.78605431E-03
+19.49000E-06,+59.28354210E-03
+19.51250E-06,+18.15791440E-03
+19.53500E-06,-22.30439673E-03
+19.55750E-06,-40.87726085E-03
+19.58000E-06,-41.04308999E-03
+19.60250E-06,-43.53052715E-03
+19.62500E-06,-42.36972315E-03
+19.64750E-06,-40.87726085E-03
+19.67000E-06,-40.87726085E-03
+19.69250E-06,-40.87726085E-03
+19.71500E-06,-39.71645684E-03
+19.73750E-06,-38.55565283E-03
+19.76000E-06,-35.73655739E-03
+19.78250E-06,-38.22399455E-03
+19.80500E-06,-38.22399455E-03
+19.82750E-06,-32.91746194E-03
+19.85000E-06,-3.06821603E-03
+19.87250E-06,+42.20314027E-03
+19.89500E-06,+77.35891879E-03
+19.91750E-06,+97.42424521E-03
+19.94000E-06,+102.56494867E-03
+19.96250E-06,+93.44434575E-03
+19.98500E-06,+68.90163245E-03
+20.00750E-06,+31.09258763E-03
+20.03000E-06,-14.34459782E-03
+20.05250E-06,-39.05314027E-03
+20.07500E-06,-41.87223571E-03
+20.09750E-06,-43.03303972E-03
+20.12000E-06,-40.87726085E-03
+20.14250E-06,-40.87726085E-03
+20.16500E-06,-39.21896941E-03
+20.18750E-06,-38.22399455E-03
+20.21000E-06,-40.54560256E-03
+20.23250E-06,-38.22399455E-03
+20.25500E-06,-37.06319054E-03
+20.27750E-06,-38.22399455E-03
+20.30000E-06,-38.22399455E-03
+20.32250E-06,-36.39987396E-03
+20.34500E-06,-18.98781385E-03
+20.36750E-06,+21.97198471E-03
+20.39000E-06,+59.94685867E-03
+20.41250E-06,+89.13278801E-03
+20.43500E-06,+99.74585322E-03
+20.45750E-06,+94.43932062E-03
+20.48000E-06,+75.53479820E-03
+20.50250E-06,+38.72072825E-03
+20.52500E-06,-580.77887E-06
+20.54750E-06,-32.41997451E-03
+20.57000E-06,-43.53052715E-03
+20.59250E-06,-40.87726085E-03
+20.61500E-06,-41.87223571E-03
+20.63750E-06,-43.03303972E-03
+20.66000E-06,-40.87726085E-03
+20.68250E-06,-39.05314027E-03
+20.70500E-06,-38.22399455E-03
+20.72750E-06,-38.22399455E-03
+20.75000E-06,-38.22399455E-03
+20.77250E-06,-38.22399455E-03
+20.79500E-06,-38.22399455E-03
+20.81750E-06,-38.22399455E-03
+20.84000E-06,-32.58580365E-03
+20.86250E-06,+911.68343E-06
+20.88500E-06,+42.86645685E-03
+20.90750E-06,+75.36896906E-03
+20.93000E-06,+91.95188346E-03
+20.95250E-06,+96.09761206E-03
+20.97500E-06,+82.66545139E-03
+20.99750E-06,+47.34384373E-03
+21.02000E-06,+9.53479891E-03
+21.04250E-06,-25.78680875E-03
+21.06500E-06,-40.87726085E-03
+21.08750E-06,-43.53052715E-03
+21.11000E-06,-43.19886887E-03
+21.13250E-06,-40.87726085E-03
+21.15500E-06,-39.21896941E-03
+21.17750E-06,-38.22399455E-03
+21.20000E-06,-38.22399455E-03
+21.22250E-06,-38.22399455E-03
+21.24500E-06,-39.71645684E-03
+21.26750E-06,-38.22399455E-03
+21.29000E-06,-38.22399455E-03
+21.31250E-06,-38.22399455E-03
+21.33500E-06,-35.57072824E-03
+21.35750E-06,-16.99786412E-03
+21.38000E-06,+23.29861786E-03
+21.40250E-06,+62.60012498E-03
+21.42500E-06,+85.31871770E-03
+21.44750E-06,+91.78605431E-03
+21.47000E-06,+83.49459711E-03
+21.49250E-06,+57.29359237E-03
+21.51500E-06,+22.80113043E-03
+21.53750E-06,-16.50037669E-03
+21.56000E-06,-40.87726085E-03
+21.58250E-06,-41.70640657E-03
+21.60500E-06,-41.87223571E-03
+21.62750E-06,-40.87726085E-03
+21.65000E-06,-38.38982369E-03
+21.67250E-06,-39.05314027E-03
+21.69500E-06,-39.21896941E-03
+21.71750E-06,-40.37977342E-03
+21.74000E-06,-38.38982369E-03
+21.76250E-06,-38.22399455E-03
+21.78500E-06,-38.22399455E-03
+21.80750E-06,-38.22399455E-03
+21.83000E-06,-38.22399455E-03
+21.85250E-06,-27.61092933E-03
+21.87500E-06,+7.37902004E-03
+21.89750E-06,+46.18303973E-03
+21.92000E-06,+75.86645649E-03
+21.94250E-06,+87.30866743E-03
+21.96500E-06,+83.82625540E-03
+21.98750E-06,+65.58504957E-03
+22.01000E-06,+33.08253735E-03
+22.03250E-06,-3.73153260E-03
+22.05500E-06,-35.57072824E-03
+22.07750E-06,-45.35464774E-03
+22.10000E-06,-40.87726085E-03
+22.12250E-06,-39.05314027E-03
+22.14500E-06,-39.71645684E-03
+22.16750E-06,-38.55565283E-03
+22.19000E-06,-40.54560256E-03
+22.21250E-06,-38.22399455E-03
+22.23500E-06,-38.22399455E-03
+22.25750E-06,-38.22399455E-03
+22.28000E-06,-38.22399455E-03
+22.30250E-06,-38.22399455E-03
+22.32500E-06,-36.56570311E-03
+22.34750E-06,-35.57072824E-03
+22.37000E-06,-10.69635665E-03
+22.39250E-06,+31.59007506E-03
+22.41500E-06,+63.09761241E-03
+22.43750E-06,+81.17298910E-03
+22.46000E-06,+83.49459711E-03
+22.48250E-06,+72.21821533E-03
+22.50500E-06,+45.02223572E-03
+22.52750E-06,+4.89158288E-03
+22.55000E-06,-27.61092933E-03
+22.57250E-06,-42.53555229E-03
+22.59500E-06,-41.87223571E-03
+22.61750E-06,-40.87726085E-03
+22.64000E-06,-43.19886887E-03
+22.66250E-06,-38.22399455E-03
+22.68500E-06,-38.22399455E-03
+22.70750E-06,-38.22399455E-03
+22.73000E-06,-38.38982369E-03
+22.75250E-06,-38.22399455E-03
+22.77500E-06,-38.22399455E-03
+22.79750E-06,-38.22399455E-03
+22.82000E-06,-38.38982369E-03
+22.84250E-06,-36.39987396E-03
+22.86500E-06,-22.30439673E-03
+22.88750E-06,+14.34384409E-03
