Record Length,2.500000e+03,,   0.048400000000, -10.20000,
Sample Interval,2.000000e-05,,   0.048420000000, -10.20000,
Trigger Point,-2.420000000000e+03,,   0.048440000000, -10.20000,
,,,   0.048460000000, -10.20000,
,,,   0.048480000000, -10.20000,
,,,   0.048500000000, -10.20000,
Source,CH2,,   0.048520000000, -10.40000,
Vertical Units,V,,   0.048540000000, -10.40000,
Vertical Scale,5.000000e+00,,   0.048560000000, -10.40000,
Vertical Offset,-4.000000e-01,,   0.048580000000, -10.40000,
Horizontal Units,s,,   0.048600000000, -10.40000,
Horizontal Scale,5.000000e-03,,   0.048620000000, -10.40000,
Pt Fmt,Y,,   0.048640000000, -10.40000,
Yzero,0.000000e+00,,   0.048660000000, -10.60000,
Probe Atten,1.000000e+00,,   0.048680000000, -10.40000,
Model Number,TDS1001B,,   0.048700000000, -10.40000,
Serial Number,C059819,,   0.048720000000, -10.40000,
Firmware Version,FV:v22.01,,   0.048740000000, -10.40000,
,,,0.048760000000, -10.40000,
,,,0.048780000000, -10.40000,
,,,0.048800000000, -10.40000,
,,,0.048820000000, -10.40000,
,,,0.048840000000, -10.60000,
,,,0.048860000000, -10.40000,
,,,0.048880000000, -10.60000,
,,,0.048900000000, -10.60000,
,,,0.048920000000, -10.40000,
,,,0.048940000000, -10.60000,
,,,0.048960000000, -10.60000,
,,,0.048980000000, -10.40000,
,,,0.049000000000, -10.40000,
,,,0.049020000000, -10.60000,
,,,0.049040000000, -10.60000,
,,,0.049060000000, -10.60000,
,,,0.049080000000, -10.60000,
,,,0.049100000000, -10.40000,
,,,0.049120000000, -10.60000,
,,,0.049140000000, -10.60000,
,,,0.049160000000, -10.60000,
,,,0.049180000000, -10.60000,
,,,0.049200000000, -10.60000,
,,,0.049220000000, -10.60000,
,,,0.049240000000, -10.60000,
,,,0.049260000000, -10.60000,
,,,0.049280000000, -10.60000,
,,,0.049300000000, -10.60000,
,,,0.049320000000, -10.60000,
,,,0.049340000000, -10.60000,
,,,0.049360000000, -10.60000,
,,,0.049380000000, -10.60000,
,,,0.049400000000, -10.60000,
,,,0.049420000000, -10.60000,
,,,0.049440000000, -10.60000,
,,,0.049460000000, -10.60000,
,,,0.049480000000, -10.60000,
,,,0.049500000000, -10.60000,
,,,0.049520000000, -10.60000,
,,,0.049540000000, -10.60000,
,,,0.049560000000, -10.60000,
,,,0.049580000000, -10.60000,
,,,0.049600000000, -10.60000,
,,,0.049620000000, -10.60000,
,,,0.049640000000, -10.60000,
,,,0.049660000000, -10.60000,
,,,0.049680000000, -10.60000,
,,,0.049700000000, -10.60000,
,,,0.049720000000, -10.60000,
,,,0.049740000000, -10.60000,
,,,0.049760000000, -10.60000,
,,,0.049780000000, -10.60000,
,,,0.049800000000, -10.60000,
,,,0.049820000000, -10.60000,
,,,0.049840000000, -10.60000,
,,,0.049860000000, -10.60000,
,,,0.049880000000, -10.60000,
,,,0.049900000000, -10.60000,
,,,0.049920000000, -10.60000,
,,,0.049940000000, -10.60000,
,,,0.049960000000, -10.60000,
,,,0.049980000000, -10.60000,
,,,0.050000000000, -10.60000,
,,,0.050020000000, -10.60000,
,,,0.050040000000, -10.60000,
,,,0.050060000000, -10.60000,
,,,0.050080000000, -10.60000,
,,,0.050100000000, -10.60000,
,,,0.050120000000, -10.60000,
,,,0.050140000000, -10.60000,
,,,0.050160000000, -10.60000,
,,,0.050180000000, -10.60000,
,,,0.050200000000, -10.60000,
,,,0.050220000000, -10.80000,
,,,0.050240000000, -10.60000,
,,,0.050260000000, -10.60000,
,,,0.050280000000, -10.60000,
,,,0.050300000000, -10.60000,
,,,0.050320000000, -10.60000,
,,,0.050340000000, -10.60000,
,,,0.050360000000, -10.60000,
,,,0.050380000000, -10.60000,
,,,0.050400000000, -10.60000,
,,,0.050420000000, -10.60000,
,,,0.050440000000, -10.60000,
,,,0.050460000000, -10.60000,
,,,0.050480000000, -10.80000,
,,,0.050500000000, -10.60000,
,,,0.050520000000, -10.60000,
,,,0.050540000000, -10.60000,
,,,0.050560000000, -10.60000,
,,,0.050580000000, -10.60000,
,,,0.050600000000, -10.60000,
,,,0.050620000000, -10.60000,
,,,0.050640000000, -10.60000,
,,,0.050660000000, -10.60000,
,,,0.050680000000, -10.60000,
,,,0.050700000000, -10.80000,
,,,0.050720000000, -10.60000,
,,,0.050740000000, -10.60000,
,,,0.050760000000, -10.60000,
,,,0.050780000000, -10.60000,
,,,0.050800000000, -10.60000,
,,,0.050820000000, -10.60000,
,,,0.050840000000, -10.60000,
,,,0.050860000000, -10.60000,
,,,0.050880000000, -10.60000,
,,,0.050900000000, -10.60000,
,,,0.050920000000, -10.60000,
,,,0.050940000000, -10.60000,
,,,0.050960000000, -10.60000,
,,,0.050980000000, -10.60000,
,,,0.051000000000, -10.60000,
,,,0.051020000000, -10.60000,
,,,0.051040000000, -10.60000,
,,,0.051060000000, -10.60000,
,,,0.051080000000, -10.60000,
,,,0.051100000000, -10.60000,
,,,0.051120000000, -10.60000,
,,,0.051140000000, -10.60000,
,,,0.051160000000, -10.60000,
,,,0.051180000000, -10.60000,
,,,0.051200000000, -10.60000,
,,,0.051220000000, -10.60000,
,,,0.051240000000, -10.60000,
,,,0.051260000000, -10.60000,
,,,0.051280000000, -10.60000,
,,,0.051300000000, -10.60000,
,,,0.051320000000, -10.60000,
,,,0.051340000000, -10.60000,
,,,0.051360000000, -10.60000,
,,,0.051380000000, -10.60000,
,,,0.051400000000, -10.60000,
,,,0.051420000000, -10.60000,
,,,0.051440000000, -10.60000,
,,,0.051460000000, -10.60000,
,,,0.051480000000, -10.60000,
,,,0.051500000000, -10.60000,
,,,0.051520000000, -10.60000,
,,,0.051540000000, -10.60000,
,,,0.051560000000, -10.60000,
,,,0.051580000000, -10.60000,
,,,0.051600000000, -10.60000,
,,,0.051620000000, -10.60000,
,,,0.051640000000, -10.60000,
,,,0.051660000000, -10.60000,
,,,0.051680000000, -10.60000,
,,,0.051700000000, -10.60000,
,,,0.051720000000, -10.60000,
,,,0.051740000000, -10.60000,
,,,0.051760000000, -10.60000,
,,,0.051780000000, -10.60000,
,,,0.051800000000, -10.60000,
,,,0.051820000000, -10.60000,
,,,0.051840000000, -10.60000,
,,,0.051860000000, -10.60000,
,,,0.051880000000, -10.60000,
,,,0.051900000000, -10.60000,
,,,0.051920000000, -10.60000,
,,,0.051940000000, -10.60000,
,,,0.051960000000, -10.60000,
,,,0.051980000000, -10.60000,
,,,0.052000000000, -10.60000,
,,,0.052020000000, -10.60000,
,,,0.052040000000, -10.60000,
,,,0.052060000000, -10.60000,
,,,0.052080000000, -10.60000,
,,,0.052100000000, -10.60000,
,,,0.052120000000, -10.60000,
,,,0.052140000000, -10.60000,
,,,0.052160000000, -10.60000,
,,,0.052180000000, -10.60000,
,,,0.052200000000, -10.60000,
,,,0.052220000000, -10.60000,
,,,0.052240000000, -10.60000,
,,,0.052260000000, -10.60000,
,,,0.052280000000, -10.60000,
,,,0.052300000000, -10.60000,
,,,0.052320000000, -10.60000,
,,,0.052340000000, -10.60000,
,,,0.052360000000, -10.40000,
,,,0.052380000000, -10.40000,
,,,0.052400000000, -10.60000,
,,,0.052420000000, -10.60000,
,,,0.052440000000, -10.60000,
,,,0.052460000000, -10.60000,
,,,0.052480000000, -10.40000,
,,,0.052500000000, -10.40000,
,,,0.052520000000, -10.60000,
,,,0.052540000000, -10.40000,
,,,0.052560000000, -10.40000,
,,,0.052580000000, -10.40000,
,,,0.052600000000, -10.40000,
,,,0.052620000000, -10.40000,
,,,0.052640000000, -10.60000,
,,,0.052660000000, -10.40000,
,,,0.052680000000, -10.40000,
,,,0.052700000000, -10.40000,
,,,0.052720000000, -10.40000,
,,,0.052740000000, -10.40000,
,,,0.052760000000, -10.40000,
,,,0.052780000000, -10.40000,
,,,0.052800000000, -10.40000,
,,,0.052820000000, -10.40000,
,,,0.052840000000, -10.40000,
,,,0.052860000000, -10.40000,
,,,0.052880000000, -10.40000,
,,,0.052900000000, -10.40000,
,,,0.052920000000, -10.40000,
,,,0.052940000000, -10.40000,
,,,0.052960000000, -10.20000,
,,,0.052980000000, -10.40000,
,,,0.053000000000, -10.20000,
,,,0.053020000000, -10.40000,
,,,0.053040000000, -10.40000,
,,,0.053060000000, -10.40000,
,,,0.053080000000, -10.20000,
,,,0.053100000000, -10.20000,
,,,0.053120000000, -10.20000,
,,,0.053140000000, -10.20000,
,,,0.053160000000, -10.20000,
,,,0.053180000000, -10.20000,
,,,0.053200000000, -10.20000,
,,,0.053220000000, -10.20000,
,,,0.053240000000, -10.20000,
,,,0.053260000000, -10.20000,
,,,0.053280000000, -10.20000,
,,,0.053300000000, -10.00000,
,,,0.053320000000, -10.20000,
,,,0.053340000000, -10.00000,
,,,0.053360000000, -10.20000,
,,,0.053380000000, -10.20000,
,,,0.053400000000, -10.00000,
,,,0.053420000000, -10.00000,
,,,0.053440000000, -10.00000,
,,,0.053460000000, -10.00000,
,,,0.053480000000, -10.00000,
,,,0.053500000000, -10.00000,
,,,0.053520000000, -10.00000,
,,,0.053540000000, -10.00000,
,,,0.053560000000, -10.00000,
,,,0.053580000000, -10.00000,
,,,0.053600000000, -10.00000,
,,,0.053620000000, -10.00000,
,,,0.053640000000, -10.00000,
,,,0.053660000000, -10.00000,
,,,0.053680000000, -10.00000,
,,,0.053700000000,  -9.80000,
,,,0.053720000000,  -9.80000,
,,,0.053740000000,  -9.80000,
,,,0.053760000000,  -9.80000,
,,,0.053780000000,  -9.80000,
,,,0.053800000000,  -9.80000,
,,,0.053820000000,  -9.80000,
,,,0.053840000000,  -9.80000,
,,,0.053860000000,  -9.80000,
,,,0.053880000000,  -9.80000,
,,,0.053900000000,  -9.80000,
,,,0.053920000000,  -9.60000,
,,,0.053940000000,  -9.60000,
,,,0.053960000000,  -9.60000,
,,,0.053980000000,  -9.60000,
,,,0.054000000000,  -9.60000,
,,,0.054020000000,  -9.60000,
,,,0.054040000000,  -9.60000,
,,,0.054060000000,  -9.60000,
,,,0.054080000000,  -9.60000,
,,,0.054100000000,  -9.60000,
,,,0.054120000000,  -9.40000,
,,,0.054140000000,  -9.40000,
,,,0.054160000000,  -9.40000,
,,,0.054180000000,  -9.40000,
,,,0.054200000000,  -9.40000,
,,,0.054220000000,  -9.40000,
,,,0.054240000000,  -9.40000,
,,,0.054260000000,  -9.40000,
,,,0.054280000000,  -9.40000,
,,,0.054300000000,  -9.40000,
,,,0.054320000000,  -9.40000,
,,,0.054340000000,  -9.20000,
,,,0.054360000000,  -9.40000,
,,,0.054380000000,  -9.40000,
,,,0.054400000000,  -9.40000,
,,,0.054420000000,  -9.20000,
,,,0.054440000000,  -9.20000,
,,,0.054460000000,  -9.20000,
,,,0.054480000000,  -9.20000,
,,,0.054500000000,  -9.20000,
,,,0.054520000000,  -9.20000,
,,,0.054540000000,  -9.20000,
,,,0.054560000000,  -9.20000,
,,,0.054580000000,  -9.20000,
,,,0.054600000000,  -9.00000,
,,,0.054620000000,  -9.20000,
,,,0.054640000000,  -9.20000,
,,,0.054660000000,  -9.00000,
,,,0.054680000000,  -9.00000,
,,,0.054700000000,  -9.00000,
,,,0.054720000000,  -9.00000,
,,,0.054740000000,  -9.00000,
,,,0.054760000000,  -9.00000,
,,,0.054780000000,  -9.00000,
,,,0.054800000000,  -9.00000,
,,,0.054820000000,  -9.00000,
,,,0.054840000000,  -8.80000,
,,,0.054860000000,  -9.00000,
,,,0.054880000000,  -9.00000,
,,,0.054900000000,  -9.00000,
,,,0.054920000000,  -9.00000,
,,,0.054940000000,  -9.00000,
,,,0.054960000000,  -9.00000,
,,,0.054980000000,  -9.00000,
,,,0.055000000000,  -9.00000,
,,,0.055020000000,  -9.00000,
,,,0.055040000000,  -9.00000,
,,,0.055060000000,  -9.00000,
,,,0.055080000000,  -9.00000,
,,,0.055100000000,  -9.00000,
,,,0.055120000000,  -9.00000,
,,,0.055140000000,  -9.00000,
,,,0.055160000000,  -8.80000,
,,,0.055180000000,  -9.00000,
,,,0.055200000000,  -9.00000,
,,,0.055220000000,  -9.00000,
,,,0.055240000000,  -9.00000,
,,,0.055260000000,  -9.00000,
,,,0.055280000000,  -9.00000,
,,,0.055300000000,  -9.00000,
,,,0.055320000000,  -9.00000,
,,,0.055340000000,  -9.00000,
,,,0.055360000000,  -9.00000,
,,,0.055380000000,  -9.00000,
,,,0.055400000000,  -9.00000,
,,,0.055420000000,  -9.00000,
,,,0.055440000000,  -9.00000,
,,,0.055460000000,  -8.80000,
,,,0.055480000000,  -9.00000,
,,,0.055500000000,  -9.00000,
,,,0.055520000000,  -9.00000,
,,,0.055540000000,  -9.00000,
,,,0.055560000000,  -9.00000,
,,,0.055580000000,  -9.00000,
,,,0.055600000000,  -9.00000,
,,,0.055620000000,  -9.00000,
,,,0.055640000000,  -9.00000,
,,,0.055660000000,  -9.00000,
,,,0.055680000000,  -9.00000,
,,,0.055700000000,  -9.00000,
,,,0.055720000000,  -9.00000,
,,,0.055740000000,  -9.00000,
,,,0.055760000000,  -9.00000,
,,,0.055780000000,  -9.20000,
,,,0.055800000000,  -9.20000,
,,,0.055820000000,  -9.00000,
,,,0.055840000000,  -9.20000,
,,,0.055860000000,  -9.20000,
,,,0.055880000000,  -9.20000,
,,,0.055900000000,  -9.20000,
,,,0.055920000000,  -9.20000,
,,,0.055940000000,  -9.20000,
,,,0.055960000000,  -9.20000,
,,,0.055980000000,  -9.20000,
,,,0.056000000000,  -9.20000,
,,,0.056020000000,  -9.20000,
,,,0.056040000000,  -9.40000,
,,,0.056060000000,  -9.20000,
,,,0.056080000000,  -9.40000,
,,,0.056100000000,  -9.40000,
,,,0.056120000000,  -9.40000,
,,,0.056140000000,  -9.40000,
,,,0.056160000000,  -9.40000,
,,,0.056180000000,  -9.40000,
,,,0.056200000000,  -9.40000,
,,,0.056220000000,  -9.40000,
,,,0.056240000000,  -9.40000,
,,,0.056260000000,  -9.40000,
,,,0.056280000000,  -9.40000,
,,,0.056300000000,  -9.40000,
,,,0.056320000000,  -9.60000,
,,,0.056340000000,  -9.60000,
,,,0.056360000000,  -9.60000,
,,,0.056380000000,  -9.60000,
,,,0.056400000000,  -9.60000,
,,,0.056420000000,  -9.60000,
,,,0.056440000000,  -9.60000,
,,,0.056460000000,  -9.60000,
,,,0.056480000000,  -9.60000,
,,,0.056500000000,  -9.80000,
,,,0.056520000000,  -9.80000,
,,,0.056540000000,  -9.80000,
,,,0.056560000000,  -9.80000,
,,,0.056580000000,  -9.80000,
,,,0.056600000000,  -9.80000,
,,,0.056620000000,  -9.80000,
,,,0.056640000000,  -9.80000,
,,,0.056660000000,  -9.80000,
,,,0.056680000000,  -9.80000,
,,,0.056700000000, -10.00000,
,,,0.056720000000,  -9.80000,
,,,0.056740000000,  -9.80000,
,,,0.056760000000, -10.00000,
,,,0.056780000000, -10.00000,
,,,0.056800000000, -10.00000,
,,,0.056820000000, -10.00000,
,,,0.056840000000, -10.00000,
,,,0.056860000000, -10.00000,
,,,0.056880000000, -10.00000,
,,,0.056900000000, -10.00000,
,,,0.056920000000, -10.00000,
,,,0.056940000000, -10.00000,
,,,0.056960000000, -10.00000,
,,,0.056980000000, -10.00000,
,,,0.057000000000, -10.00000,
,,,0.057020000000, -10.20000,
,,,0.057040000000, -10.00000,
,,,0.057060000000, -10.20000,
,,,0.057080000000, -10.20000,
,,,0.057100000000, -10.20000,
,,,0.057120000000, -10.20000,
,,,0.057140000000, -10.20000,
,,,0.057160000000, -10.20000,
,,,0.057180000000, -10.20000,
,,,0.057200000000, -10.20000,
,,,0.057220000000, -10.20000,
,,,0.057240000000, -10.20000,
,,,0.057260000000, -10.40000,
,,,0.057280000000, -10.20000,
,,,0.057300000000, -10.20000,
,,,0.057320000000, -10.20000,
,,,0.057340000000, -10.40000,
,,,0.057360000000, -10.40000,
,,,0.057380000000, -10.40000,
,,,0.057400000000, -10.40000,
,,,0.057420000000, -10.40000,
,,,0.057440000000, -10.40000,
,,,0.057460000000, -10.40000,
,,,0.057480000000, -10.40000,
,,,0.057500000000, -10.40000,
,,,0.057520000000, -10.40000,
,,,0.057540000000, -10.40000,
,,,0.057560000000, -10.40000,
,,,0.057580000000, -10.40000,
,,,0.057600000000, -10.40000,
,,,0.057620000000, -10.40000,
,,,0.057640000000, -10.40000,
,,,0.057660000000, -10.40000,
,,,0.057680000000, -10.40000,
,,,0.057700000000, -10.40000,
,,,0.057720000000, -10.60000,
,,,0.057740000000, -10.40000,
,,,0.057760000000, -10.40000,
,,,0.057780000000, -10.40000,
,,,0.057800000000, -10.60000,
,,,0.057820000000, -10.60000,
,,,0.057840000000, -10.60000,
,,,0.057860000000, -10.60000,
,,,0.057880000000, -10.60000,
,,,0.057900000000, -10.40000,
,,,0.057920000000, -10.60000,
,,,0.057940000000, -10.60000,
,,,0.057960000000, -10.60000,
,,,0.057980000000, -10.60000,
,,,0.058000000000, -10.60000,
,,,0.058020000000, -10.60000,
,,,0.058040000000, -10.60000,
,,,0.058060000000, -10.60000,
,,,0.058080000000, -10.60000,
,,,0.058100000000, -10.60000,
,,,0.058120000000, -10.60000,
,,,0.058140000000, -10.60000,
,,,0.058160000000, -10.60000,
,,,0.058180000000, -10.60000,
,,,0.058200000000, -10.60000,
,,,0.058220000000, -10.60000,
,,,0.058240000000, -10.60000,
,,,0.058260000000, -10.60000,
,,,0.058280000000, -10.60000,
,,,0.058300000000, -10.60000,
,,,0.058320000000, -10.60000,
,,,0.058340000000, -10.60000,
,,,0.058360000000, -10.60000,
,,,0.058380000000, -10.60000,
,,,0.058400000000, -10.60000,
,,,0.058420000000, -10.60000,
,,,0.058440000000, -10.60000,
,,,0.058460000000, -10.60000,
,,,0.058480000000, -10.60000,
,,,0.058500000000, -10.60000,
,,,0.058520000000, -10.60000,
,,,0.058540000000, -10.60000,
,,,0.058560000000, -10.60000,
,,,0.058580000000, -10.60000,
,,,0.058600000000, -10.60000,
,,,0.058620000000, -10.60000,
,,,0.058640000000, -10.60000,
,,,0.058660000000, -10.60000,
,,,0.058680000000, -10.60000,
,,,0.058700000000, -10.60000,
,,,0.058720000000, -10.60000,
,,,0.058740000000, -10.80000,
,,,0.058760000000, -10.80000,
,,,0.058780000000, -10.60000,
,,,0.058800000000, -10.60000,
,,,0.058820000000, -10.60000,
,,,0.058840000000, -10.60000,
,,,0.058860000000, -10.60000,
,,,0.058880000000, -10.60000,
,,,0.058900000000, -10.60000,
,,,0.058920000000, -10.60000,
,,,0.058940000000, -10.60000,
,,,0.058960000000, -10.60000,
,,,0.058980000000, -10.60000,
,,,0.059000000000, -10.60000,
,,,0.059020000000, -10.60000,
,,,0.059040000000, -10.60000,
,,,0.059060000000, -10.60000,
,,,0.059080000000, -10.60000,
,,,0.059100000000, -10.60000,
,,,0.059120000000, -10.60000,
,,,0.059140000000, -10.60000,
,,,0.059160000000, -10.80000,
,,,0.059180000000, -10.80000,
,,,0.059200000000, -10.60000,
,,,0.059220000000, -10.60000,
,,,0.059240000000, -10.60000,
,,,0.059260000000, -10.60000,
,,,0.059280000000, -10.60000,
,,,0.059300000000, -10.60000,
,,,0.059320000000, -10.60000,
,,,0.059340000000, -10.60000,
,,,0.059360000000, -10.60000,
,,,0.059380000000, -10.60000,
,,,0.059400000000, -10.60000,
,,,0.059420000000, -10.60000,
,,,0.059440000000, -10.60000,
,,,0.059460000000, -10.60000,
,,,0.059480000000, -10.60000,
,,,0.059500000000, -10.60000,
,,,0.059520000000, -10.60000,
,,,0.059540000000, -10.60000,
,,,0.059560000000, -10.60000,
,,,0.059580000000, -10.60000,
,,,0.059600000000, -10.60000,
,,,0.059620000000, -10.60000,
,,,0.059640000000, -10.60000,
,,,0.059660000000, -10.60000,
,,,0.059680000000, -10.60000,
,,,0.059700000000, -10.60000,
,,,0.059720000000, -10.60000,
,,,0.059740000000, -10.60000,
,,,0.059760000000, -10.60000,
,,,0.059780000000, -10.80000,
,,,0.059800000000, -10.60000,
,,,0.059820000000, -10.60000,
,,,0.059840000000, -10.60000,
,,,0.059860000000, -10.60000,
,,,0.059880000000, -10.60000,
,,,0.059900000000, -10.60000,
,,,0.059920000000, -10.60000,
,,,0.059940000000, -10.60000,
,,,0.059960000000, -10.60000,
,,,0.059980000000, -10.60000,
,,,0.060000000000, -10.80000,
,,,0.060020000000, -10.60000,
,,,0.060040000000, -10.60000,
,,,0.060060000000, -10.60000,
,,,0.060080000000, -10.80000,
,,,0.060100000000, -10.60000,
,,,0.060120000000, -10.60000,
,,,0.060140000000, -10.60000,
,,,0.060160000000, -10.60000,
,,,0.060180000000, -10.60000,
,,,0.060200000000, -10.60000,
,,,0.060220000000, -10.60000,
,,,0.060240000000, -10.60000,
,,,0.060260000000, -10.60000,
,,,0.060280000000, -10.80000,
,,,0.060300000000, -10.60000,
,,,0.060320000000, -10.60000,
,,,0.060340000000, -10.60000,
,,,0.060360000000, -10.60000,
,,,0.060380000000, -10.60000,
,,,0.060400000000, -10.60000,
,,,0.060420000000, -10.60000,
,,,0.060440000000, -10.60000,
,,,0.060460000000, -10.60000,
,,,0.060480000000, -10.60000,
,,,0.060500000000, -10.60000,
,,,0.060520000000, -10.60000,
,,,0.060540000000, -10.60000,
,,,0.060560000000, -10.40000,
,,,0.060580000000, -10.60000,
,,,0.060600000000, -10.60000,
,,,0.060620000000, -10.60000,
,,,0.060640000000, -10.60000,
,,,0.060660000000, -10.60000,
,,,0.060680000000, -10.60000,
,,,0.060700000000, -10.60000,
,,,0.060720000000, -10.60000,
,,,0.060740000000, -10.60000,
,,,0.060760000000, -10.60000,
,,,0.060780000000, -10.60000,
,,,0.060800000000, -10.60000,
,,,0.060820000000, -10.60000,
,,,0.060840000000, -10.60000,
,,,0.060860000000, -10.60000,
,,,0.060880000000, -10.60000,
,,,0.060900000000, -10.60000,
,,,0.060920000000, -10.60000,
,,,0.060940000000, -10.60000,
,,,0.060960000000, -10.60000,
,,,0.060980000000, -10.60000,
,,,0.061000000000, -10.60000,
,,,0.061020000000, -10.40000,
,,,0.061040000000, -10.60000,
,,,0.061060000000, -10.60000,
,,,0.061080000000, -10.60000,
,,,0.061100000000, -10.60000,
,,,0.061120000000, -10.60000,
,,,0.061140000000, -10.60000,
,,,0.061160000000, -10.60000,
,,,0.061180000000, -10.60000,
,,,0.061200000000, -10.60000,
,,,0.061220000000, -10.60000,
,,,0.061240000000, -10.40000,
,,,0.061260000000, -10.40000,
,,,0.061280000000, -10.40000,
,,,0.061300000000, -10.40000,
,,,0.061320000000, -10.60000,
,,,0.061340000000, -10.40000,
,,,0.061360000000, -10.40000,
,,,0.061380000000, -10.60000,
,,,0.061400000000, -10.40000,
,,,0.061420000000, -10.60000,
,,,0.061440000000, -10.40000,
,,,0.061460000000, -10.40000,
,,,0.061480000000, -10.40000,
,,,0.061500000000, -10.40000,
,,,0.061520000000, -10.40000,
,,,0.061540000000, -10.40000,
,,,0.061560000000, -10.40000,
,,,0.061580000000, -10.40000,
,,,0.061600000000, -10.40000,
,,,0.061620000000, -10.40000,
,,,0.061640000000, -10.40000,
,,,0.061660000000, -10.40000,
,,,0.061680000000, -10.40000,
,,,0.061700000000, -10.40000,
,,,0.061720000000, -10.20000,
,,,0.061740000000, -10.40000,
,,,0.061760000000, -10.20000,
,,,0.061780000000, -10.20000,
,,,0.061800000000, -10.20000,
,,,0.061820000000, -10.40000,
,,,0.061840000000, -10.20000,
,,,0.061860000000, -10.20000,
,,,0.061880000000, -10.40000,
,,,0.061900000000, -10.20000,
,,,0.061920000000, -10.00000,
,,,0.061940000000, -10.20000,
,,,0.061960000000, -10.20000,
,,,0.061980000000, -10.20000,
,,,0.062000000000, -10.20000,
,,,0.062020000000, -10.20000,
,,,0.062040000000, -10.00000,
,,,0.062060000000, -10.00000,
,,,0.062080000000, -10.00000,
,,,0.062100000000, -10.00000,
,,,0.062120000000, -10.00000,
,,,0.062140000000, -10.00000,
,,,0.062160000000, -10.00000,
,,,0.062180000000, -10.00000,
,,,0.062200000000, -10.00000,
,,,0.062220000000,  -9.80000,
,,,0.062240000000, -10.00000,
,,,0.062260000000,  -9.80000,
,,,0.062280000000,  -9.80000,
,,,0.062300000000,  -9.80000,
,,,0.062320000000,  -9.80000,
,,,0.062340000000,  -9.80000,
,,,0.062360000000,  -9.80000,
,,,0.062380000000,  -9.80000,
,,,0.062400000000,  -9.60000,
,,,0.062420000000,  -9.60000,
,,,0.062440000000,  -9.60000,
,,,0.062460000000,  -9.60000,
,,,0.062480000000,  -9.60000,
,,,0.062500000000,  -9.60000,
,,,0.062520000000,  -9.60000,
,,,0.062540000000,  -9.40000,
,,,0.062560000000,  -9.40000,
,,,0.062580000000,  -9.40000,
,,,0.062600000000,  -9.40000,
,,,0.062620000000,  -9.40000,
,,,0.062640000000,  -9.40000,
,,,0.062660000000,  -9.40000,
,,,0.062680000000,  -9.40000,
,,,0.062700000000,  -9.20000,
,,,0.062720000000,  -9.20000,
,,,0.062740000000,  -9.20000,
,,,0.062760000000,  -9.20000,
,,,0.062780000000,  -9.20000,
,,,0.062800000000,  -9.20000,
,,,0.062820000000,  -9.20000,
,,,0.062840000000,  -9.00000,
,,,0.062860000000,  -9.00000,
,,,0.062880000000,  -9.00000,
,,,0.062900000000,  -9.00000,
,,,0.062920000000,  -9.00000,
,,,0.062940000000,  -9.00000,
,,,0.062960000000,  -9.00000,
,,,0.062980000000,  -8.80000,
,,,0.063000000000,  -8.80000,
,,,0.063020000000,  -8.80000,
,,,0.063040000000,  -8.80000,
,,,0.063060000000,  -8.80000,
,,,0.063080000000,  -8.80000,
,,,0.063100000000,  -8.60000,
,,,0.063120000000,  -8.80000,
,,,0.063140000000,  -8.80000,
,,,0.063160000000,  -8.60000,
,,,0.063180000000,  -8.60000,
,,,0.063200000000,  -8.60000,
,,,0.063220000000,  -8.60000,
,,,0.063240000000,  -8.60000,
,,,0.063260000000,  -8.60000,
,,,0.063280000000,  -8.60000,
,,,0.063300000000,  -8.60000,
,,,0.063320000000,  -8.40000,
,,,0.063340000000,  -8.60000,
,,,0.063360000000,  -8.60000,
,,,0.063380000000,  -8.60000,
,,,0.063400000000,  -8.40000,
,,,0.063420000000,  -8.40000,
,,,0.063440000000,  -8.60000,
,,,0.063460000000,  -8.60000,
,,,0.063480000000,  -8.40000,
,,,0.063500000000,  -8.40000,
,,,0.063520000000,  -8.40000,
,,,0.063540000000,  -8.40000,
,,,0.063560000000,  -8.40000,
,,,0.063580000000,  -8.40000,
,,,0.063600000000,  -8.40000,
,,,0.063620000000,  -8.40000,
,,,0.063640000000,  -8.40000,
,,,0.063660000000,  -8.40000,
,,,0.063680000000,  -8.40000,
,,,0.063700000000,  -8.40000,
,,,0.063720000000,  -8.40000,
,,,0.063740000000,  -8.40000,
,,,0.063760000000,  -8.40000,
,,,0.063780000000,  -8.40000,
,,,0.063800000000,  -8.60000,
,,,0.063820000000,  -8.40000,
,,,0.063840000000,  -8.40000,
,,,0.063860000000,  -8.40000,
,,,0.063880000000,  -8.60000,
,,,0.063900000000,  -8.40000,
,,,0.063920000000,  -8.60000,
,,,0.063940000000,  -8.60000,
,,,0.063960000000,  -8.60000,
,,,0.063980000000,  -8.60000,
,,,0.064000000000,  -8.60000,
,,,0.064020000000,  -8.60000,
,,,0.064040000000,  -8.60000,
,,,0.064060000000,  -8.60000,
,,,0.064080000000,  -8.60000,
,,,0.064100000000,  -8.60000,
,,,0.064120000000,  -8.80000,
,,,0.064140000000,  -8.80000,
,,,0.064160000000,  -8.80000,
,,,0.064180000000,  -8.80000,
,,,0.064200000000,  -8.80000,
,,,0.064220000000,  -8.80000,
,,,0.064240000000,  -8.80000,
,,,0.064260000000,  -9.00000,
,,,0.064280000000,  -9.00000,
,,,0.064300000000,  -9.00000,
,,,0.064320000000,  -9.00000,
,,,0.064340000000,  -9.00000,
,,,0.064360000000,  -9.00000,
,,,0.064380000000,  -9.00000,
,,,0.064400000000,  -9.20000,
,,,0.064420000000,  -9.20000,
,,,0.064440000000,  -9.20000,
,,,0.064460000000,  -9.20000,
,,,0.064480000000,  -9.20000,
,,,0.064500000000,  -9.20000,
,,,0.064520000000,  -9.40000,
,,,0.064540000000,  -9.40000,
,,,0.064560000000,  -9.40000,
,,,0.064580000000,  -9.40000,
,,,0.064600000000,  -9.40000,
,,,0.064620000000,  -9.40000,
,,,0.064640000000,  -9.40000,
,,,0.064660000000,  -9.40000,
,,,0.064680000000,  -9.40000,
,,,0.064700000000,  -9.60000,
,,,0.064720000000,  -9.60000,
,,,0.064740000000,  -9.60000,
,,,0.064760000000,  -9.60000,
,,,0.064780000000,  -9.60000,
,,,0.064800000000,  -9.60000,
,,,0.064820000000,  -9.60000,
,,,0.064840000000,  -9.60000,
,,,0.064860000000,  -9.60000,
,,,0.064880000000,  -9.60000,
,,,0.064900000000,  -9.60000,
,,,0.064920000000,  -9.60000,
,,,0.064940000000,  -9.60000,
,,,0.064960000000,  -9.60000,
,,,0.064980000000,  -9.80000,
,,,0.065000000000,  -9.60000,
,,,0.065020000000,  -9.60000,
,,,0.065040000000,  -9.80000,
,,,0.065060000000,  -9.60000,
,,,0.065080000000,  -9.80000,
,,,0.065100000000,  -9.80000,
,,,0.065120000000,  -9.80000,
,,,0.065140000000,  -9.60000,
,,,0.065160000000,  -9.80000,
,,,0.065180000000,  -9.60000,
,,,0.065200000000,  -9.60000,
,,,0.065220000000,  -9.60000,
,,,0.065240000000,  -9.60000,
,,,0.065260000000,  -9.60000,
,,,0.065280000000,  -9.60000,
,,,0.065300000000,  -9.60000,
,,,0.065320000000,  -9.40000,
,,,0.065340000000,  -9.60000,
,,,0.065360000000,  -9.40000,
,,,0.065380000000,  -9.40000,
,,,0.065400000000,  -9.40000,
,,,0.065420000000,  -9.40000,
,,,0.065440000000,  -9.40000,
,,,0.065460000000,  -9.40000,
,,,0.065480000000,  -9.20000,
,,,0.065500000000,  -9.20000,
,,,0.065520000000,  -9.20000,
,,,0.065540000000,  -9.00000,
,,,0.065560000000,  -9.20000,
,,,0.065580000000,  -9.00000,
,,,0.065600000000,  -9.00000,
,,,0.065620000000,  -9.00000,
,,,0.065640000000,  -8.80000,
,,,0.065660000000,  -8.80000,
,,,0.065680000000,  -8.80000,
,,,0.065700000000,  -8.80000,
,,,0.065720000000,  -8.60000,
,,,0.065740000000,  -8.60000,
,,,0.065760000000,  -8.60000,
,,,0.065780000000,  -8.60000,
,,,0.065800000000,  -8.40000,
,,,0.065820000000,  -8.40000,
,,,0.065840000000,  -8.40000,
,,,0.065860000000,  -8.20000,
,,,0.065880000000,  -8.20000,
,,,0.065900000000,  -8.20000,
,,,0.065920000000,  -8.00000,
,,,0.065940000000,  -8.00000,
,,,0.065960000000,  -8.00000,
,,,0.065980000000,  -7.80000,
,,,0.066000000000,  -7.80000,
,,,0.066020000000,  -7.80000,
,,,0.066040000000,  -7.60000,
,,,0.066060000000,  -7.60000,
,,,0.066080000000,  -7.60000,
,,,0.066100000000,  -7.40000,
,,,0.066120000000,  -7.40000,
,,,0.066140000000,  -7.40000,
,,,0.066160000000,  -7.20000,
,,,0.066180000000,  -7.20000,
,,,0.066200000000,  -7.20000,
,,,0.066220000000,  -7.00000,
,,,0.066240000000,  -7.00000,
,,,0.066260000000,  -7.00000,
,,,0.066280000000,  -6.80000,
,,,0.066300000000,  -6.80000,
,,,0.066320000000,  -6.80000,
,,,0.066340000000,  -6.80000,
,,,0.066360000000,  -6.60000,
,,,0.066380000000,  -6.60000,
,,,0.066400000000,  -6.60000,
,,,0.066420000000,  -6.60000,
,,,0.066440000000,  -6.60000,
,,,0.066460000000,  -6.40000,
,,,0.066480000000,  -6.40000,
,,,0.066500000000,  -6.40000,
,,,0.066520000000,  -6.40000,
,,,0.066540000000,  -6.40000,
,,,0.066560000000,  -6.20000,
,,,0.066580000000,  -6.20000,
,,,0.066600000000,  -6.20000,
,,,0.066620000000,  -6.20000,
,,,0.066640000000,  -6.20000,
,,,0.066660000000,  -6.20000,
,,,0.066680000000,  -6.20000,
,,,0.066700000000,  -6.20000,
,,,0.066720000000,  -6.00000,
,,,0.066740000000,  -6.20000,
,,,0.066760000000,  -6.00000,
,,,0.066780000000,  -6.00000,
,,,0.066800000000,  -6.00000,
,,,0.066820000000,  -6.00000,
,,,0.066840000000,  -6.00000,
,,,0.066860000000,  -6.00000,
,,,0.066880000000,  -6.00000,
,,,0.066900000000,  -6.00000,
,,,0.066920000000,  -6.00000,
,,,0.066940000000,  -6.00000,
,,,0.066960000000,  -5.80000,
,,,0.066980000000,  -5.80000,
,,,0.067000000000,  -5.80000,
,,,0.067020000000,  -5.80000,
,,,0.067040000000,  -6.00000,
,,,0.067060000000,  -5.80000,
,,,0.067080000000,  -6.00000,
,,,0.067100000000,  -6.00000,
,,,0.067120000000,  -5.80000,
,,,0.067140000000,  -6.00000,
,,,0.067160000000,  -7.00000,
,,,0.067180000000,  -8.00000,
,,,0.067200000000,  -8.20000,
,,,0.067220000000,  -8.20000,
,,,0.067240000000,  -8.60000,
,,,0.067260000000,  -8.60000,
,,,0.067280000000,  -8.60000,
,,,0.067300000000,  -8.80000,
,,,0.067320000000,  -8.80000,
,,,0.067340000000,  -8.80000,
,,,0.067360000000,  -8.80000,
,,,0.067380000000,  -9.00000,
,,,0.067400000000,  -9.00000,
,,,0.067420000000,  -9.00000,
,,,0.067440000000,  -9.20000,
,,,0.067460000000,  -9.20000,
,,,0.067480000000,  -9.20000,
,,,0.067500000000,  -9.40000,
,,,0.067520000000,  -9.40000,
,,,0.067540000000,  -9.40000,
,,,0.067560000000,  -9.60000,
,,,0.067580000000,  -9.60000,
,,,0.067600000000,  -9.60000,
,,,0.067620000000,  -9.60000,
,,,0.067640000000,  -9.80000,
,,,0.067660000000,  -9.80000,
,,,0.067680000000,  -9.80000,
,,,0.067700000000, -10.00000,
,,,0.067720000000, -10.00000,
,,,0.067740000000, -10.00000,
,,,0.067760000000, -10.20000,
,,,0.067780000000, -10.00000,
,,,0.067800000000, -10.00000,
,,,0.067820000000, -10.20000,
,,,0.067840000000, -10.00000,
,,,0.067860000000, -10.00000,
,,,0.067880000000, -10.00000,
,,,0.067900000000, -10.20000,
,,,0.067920000000, -10.20000,
,,,0.067940000000, -10.20000,
,,,0.067960000000, -10.00000,
,,,0.067980000000, -10.20000,
,,,0.068000000000, -10.00000,
,,,0.068020000000, -10.20000,
,,,0.068040000000, -10.20000,
,,,0.068060000000, -10.00000,
,,,0.068080000000, -10.20000,
,,,0.068100000000, -10.20000,
,,,0.068120000000, -10.00000,
,,,0.068140000000, -10.00000,
,,,0.068160000000, -10.00000,
,,,0.068180000000, -10.20000,
,,,0.068200000000, -10.20000,
,,,0.068220000000, -10.00000,
,,,0.068240000000, -10.00000,
,,,0.068260000000, -10.20000,
,,,0.068280000000, -10.00000,
,,,0.068300000000, -10.20000,
,,,0.068320000000, -10.20000,
,,,0.068340000000, -10.00000,
,,,0.068360000000, -10.00000,
,,,0.068380000000, -10.00000,
,,,0.068400000000, -10.00000,
,,,0.068420000000, -10.00000,
,,,0.068440000000, -10.20000,
,,,0.068460000000, -10.00000,
,,,0.068480000000, -10.00000,
,,,0.068500000000, -10.20000,
,,,0.068520000000, -10.20000,
,,,0.068540000000, -10.00000,
,,,0.068560000000, -10.00000,
,,,0.068580000000, -10.20000,
,,,0.068600000000, -10.00000,
,,,0.068620000000, -10.00000,
,,,0.068640000000, -10.00000,
,,,0.068660000000, -10.00000,
,,,0.068680000000, -10.20000,
,,,0.068700000000, -10.00000,
,,,0.068720000000, -10.00000,
,,,0.068740000000, -10.20000,
,,,0.068760000000, -10.20000,
,,,0.068780000000, -10.20000,
,,,0.068800000000, -10.00000,
,,,0.068820000000, -10.20000,
,,,0.068840000000, -10.20000,
,,,0.068860000000, -10.00000,
,,,0.068880000000, -10.00000,
,,,0.068900000000, -10.20000,
,,,0.068920000000, -10.00000,
,,,0.068940000000, -10.00000,
,,,0.068960000000, -10.20000,
,,,0.068980000000, -10.00000,
,,,0.069000000000, -10.00000,
,,,0.069020000000, -10.00000,
,,,0.069040000000, -10.00000,
,,,0.069060000000, -10.00000,
,,,0.069080000000, -10.20000,
,,,0.069100000000, -10.00000,
,,,0.069120000000, -10.00000,
,,,0.069140000000, -10.00000,
,,,0.069160000000, -10.00000,
,,,0.069180000000, -10.00000,
,,,0.069200000000, -10.00000,
,,,0.069220000000, -10.00000,
,,,0.069240000000, -10.20000,
,,,0.069260000000, -10.00000,
,,,0.069280000000, -10.00000,
,,,0.069300000000, -10.00000,
,,,0.069320000000, -10.00000,
,,,0.069340000000, -10.00000,
,,,0.069360000000, -10.00000,
,,,0.069380000000, -10.00000,
,,,0.069400000000, -10.00000,
,,,0.069420000000, -10.20000,
,,,0.069440000000, -10.00000,
,,,0.069460000000, -10.00000,
,,,0.069480000000, -10.00000,
,,,0.069500000000, -10.00000,
,,,0.069520000000, -10.00000,
,,,0.069540000000, -10.00000,
,,,0.069560000000, -10.00000,
,,,0.069580000000, -10.00000,
,,,0.069600000000, -10.00000,
,,,0.069620000000, -10.00000,
,,,0.069640000000, -10.00000,
,,,0.069660000000, -10.00000,
,,,0.069680000000, -10.00000,
,,,0.069700000000, -10.00000,
,,,0.069720000000, -10.00000,
,,,0.069740000000, -10.00000,
,,,0.069760000000, -10.20000,
,,,0.069780000000, -10.00000,
,,,0.069800000000, -10.00000,
,,,0.069820000000, -10.00000,
,,,0.069840000000, -10.00000,
,,,0.069860000000, -10.00000,
,,,0.069880000000, -10.00000,
,,,0.069900000000, -10.00000,
,,,0.069920000000, -10.00000,
,,,0.069940000000, -10.00000,
,,,0.069960000000, -10.00000,
,,,0.069980000000, -10.00000,
,,,0.070000000000, -10.00000,
,,,0.070020000000, -10.00000,
,,,0.070040000000, -10.00000,
,,,0.070060000000, -10.00000,
,,,0.070080000000, -10.00000,
,,,0.070100000000, -10.00000,
,,,0.070120000000, -10.00000,
,,,0.070140000000, -10.00000,
,,,0.070160000000, -10.00000,
,,,0.070180000000, -10.00000,
,,,0.070200000000, -10.00000,
,,,0.070220000000, -10.00000,
,,,0.070240000000, -10.00000,
,,,0.070260000000, -10.00000,
,,,0.070280000000, -10.00000,
,,,0.070300000000, -10.00000,
,,,0.070320000000, -10.00000,
,,,0.070340000000, -10.00000,
,,,0.070360000000, -10.00000,
,,,0.070380000000, -10.00000,
,,,0.070400000000, -10.00000,
,,,0.070420000000, -10.00000,
,,,0.070440000000, -10.00000,
,,,0.070460000000, -10.00000,
,,,0.070480000000, -10.00000,
,,,0.070500000000, -10.00000,
,,,0.070520000000, -10.00000,
,,,0.070540000000, -10.00000,
,,,0.070560000000, -10.00000,
,,,0.070580000000, -10.00000,
,,,0.070600000000, -10.00000,
,,,0.070620000000, -10.00000,
,,,0.070640000000, -10.00000,
,,,0.070660000000, -10.00000,
,,,0.070680000000, -10.00000,
,,,0.070700000000, -10.00000,
,,,0.070720000000, -10.00000,
,,,0.070740000000, -10.00000,
,,,0.070760000000, -10.00000,
,,,0.070780000000, -10.00000,
,,,0.070800000000, -10.00000,
,,,0.070820000000, -10.00000,
,,,0.070840000000, -10.00000,
,,,0.070860000000, -10.00000,
,,,0.070880000000,  -9.40000,
,,,0.070900000000,  -8.80000,
,,,0.070920000000,  -9.00000,
,,,0.070940000000,  -8.80000,
,,,0.070960000000,  -9.00000,
,,,0.070980000000,  -9.00000,
,,,0.071000000000,  -9.00000,
,,,0.071020000000,  -9.00000,
,,,0.071040000000,  -9.20000,
,,,0.071060000000,  -9.00000,
,,,0.071080000000,  -9.20000,
,,,0.071100000000,  -9.20000,
,,,0.071120000000,  -9.20000,
,,,0.071140000000,  -9.20000,
,,,0.071160000000,  -9.20000,
,,,0.071180000000,  -9.20000,
,,,0.071200000000,  -9.20000,
,,,0.071220000000,  -9.40000,
,,,0.071240000000,  -9.40000,
,,,0.071260000000,  -9.40000,
,,,0.071280000000,  -9.40000,
,,,0.071300000000,  -9.40000,
,,,0.071320000000,  -9.40000,
,,,0.071340000000,  -9.40000,
,,,0.071360000000,  -9.40000,
,,,0.071380000000,  -9.60000,
,,,0.071400000000,  -9.40000,
,,,0.071420000000,  -9.60000,
,,,0.071440000000,  -9.40000,
,,,0.071460000000,  -9.40000,
,,,0.071480000000,  -9.60000,
,,,0.071500000000,  -9.60000,
,,,0.071520000000,  -9.60000,
,,,0.071540000000,  -9.60000,
,,,0.071560000000,  -9.60000,
,,,0.071580000000,  -9.60000,
,,,0.071600000000,  -9.60000,
,,,0.071620000000,  -9.60000,
,,,0.071640000000,  -9.60000,
,,,0.071660000000,  -9.60000,
,,,0.071680000000,  -9.60000,
,,,0.071700000000,  -9.60000,
,,,0.071720000000,  -9.60000,
,,,0.071740000000,  -9.60000,
,,,0.071760000000,  -9.60000,
,,,0.071780000000,  -9.60000,
,,,0.071800000000,  -9.60000,
,,,0.071820000000,  -9.60000,
,,,0.071840000000,  -9.60000,
,,,0.071860000000,  -9.60000,
,,,0.071880000000,  -9.60000,
,,,0.071900000000,  -9.60000,
,,,0.071920000000,  -9.60000,
,,,0.071940000000,  -9.60000,
,,,0.071960000000,  -9.60000,
,,,0.071980000000,  -9.60000,
,,,0.072000000000,  -9.60000,
,,,0.072020000000,  -9.60000,
,,,0.072040000000,  -9.40000,
,,,0.072060000000,  -9.40000,
,,,0.072080000000,  -9.60000,
,,,0.072100000000,  -9.40000,
,,,0.072120000000,  -9.40000,
,,,0.072140000000,  -9.40000,
,,,0.072160000000,  -9.40000,
,,,0.072180000000,  -9.40000,
,,,0.072200000000,  -9.40000,
,,,0.072220000000,  -9.40000,
,,,0.072240000000,  -9.40000,
,,,0.072260000000,  -9.20000,
,,,0.072280000000,  -9.20000,
,,,0.072300000000,  -9.20000,
,,,0.072320000000,  -9.20000,
,,,0.072340000000,  -9.00000,
,,,0.072360000000,  -9.00000,
,,,0.072380000000,  -9.00000,
,,,0.072400000000,  -9.00000,
,,,0.072420000000,  -9.00000,
,,,0.072440000000,  -9.00000,
,,,0.072460000000,  -8.80000,
,,,0.072480000000,  -8.80000,
,,,0.072500000000,  -8.80000,
,,,0.072520000000,  -8.80000,
,,,0.072540000000,  -8.80000,
,,,0.072560000000,  -8.80000,
,,,0.072580000000,  -8.80000,
,,,0.072600000000,  -8.60000,
,,,0.072620000000,  -8.60000,
,,,0.072640000000,  -8.60000,
,,,0.072660000000,  -8.60000,
,,,0.072680000000,  -8.40000,
,,,0.072700000000,  -8.40000,
,,,0.072720000000,  -8.40000,
,,,0.072740000000,  -8.40000,
,,,0.072760000000,  -8.20000,
,,,0.072780000000,  -8.20000,
,,,0.072800000000,  -8.20000,
,,,0.072820000000,  -8.00000,
,,,0.072840000000,  -8.00000,
,,,0.072860000000,  -7.80000,
,,,0.072880000000,  -8.00000,
,,,0.072900000000,  -7.80000,
,,,0.072920000000,  -7.80000,
,,,0.072940000000,  -7.80000,
,,,0.072960000000,  -7.60000,
,,,0.072980000000,  -7.60000,
,,,0.073000000000,  -7.60000,
,,,0.073020000000,  -7.40000,
,,,0.073040000000,  -7.40000,
,,,0.073060000000,  -7.40000,
,,,0.073080000000,  -7.20000,
,,,0.073100000000,  -7.20000,
,,,0.073120000000,  -7.20000,
,,,0.073140000000,  -7.00000,
,,,0.073160000000,  -7.00000,
,,,0.073180000000,  -6.80000,
,,,0.073200000000,  -6.80000,
,,,0.073220000000,  -6.80000,
,,,0.073240000000,  -6.80000,
,,,0.073260000000,  -6.60000,
,,,0.073280000000,  -6.60000,
,,,0.073300000000,  -6.40000,
,,,0.073320000000,  -6.40000,
,,,0.073340000000,  -6.40000,
,,,0.073360000000,  -6.40000,
,,,0.073380000000,  -6.20000,
,,,0.073400000000,  -6.20000,
,,,0.073420000000,  -6.20000,
,,,0.073440000000,  -6.00000,
,,,0.073460000000,  -6.00000,
,,,0.073480000000,  -5.80000,
,,,0.073500000000,  -5.80000,
,,,0.073520000000,  -5.80000,
,,,0.073540000000,  -5.60000,
,,,0.073560000000,  -5.40000,
,,,0.073580000000,  -5.40000,
,,,0.073600000000,  -5.40000,
,,,0.073620000000,  -5.40000,
,,,0.073640000000,  -5.40000,
,,,0.073660000000,  -5.20000,
,,,0.073680000000,  -5.20000,
,,,0.073700000000,  -5.20000,
,,,0.073720000000,  -5.00000,
,,,0.073740000000,  -5.00000,
,,,0.073760000000,  -4.80000,
,,,0.073780000000,  -4.80000,
,,,0.073800000000,  -4.80000,
,,,0.073820000000,  -4.80000,
,,,0.073840000000,  -4.80000,
,,,0.073860000000,  -4.60000,
,,,0.073880000000,  -4.60000,
,,,0.073900000000,  -4.60000,
,,,0.073920000000,  -4.40000,
,,,0.073940000000,  -4.40000,
,,,0.073960000000,  -4.40000,
,,,0.073980000000,  -4.40000,
,,,0.074000000000,  -4.20000,
,,,0.074020000000,  -4.20000,
,,,0.074040000000,  -4.20000,
,,,0.074060000000,  -4.20000,
,,,0.074080000000,  -4.00000,
,,,0.074100000000,  -4.00000,
,,,0.074120000000,  -4.00000,
,,,0.074140000000,  -4.00000,
,,,0.074160000000,  -4.00000,
,,,0.074180000000,  -4.00000,
,,,0.074200000000,  -4.00000,
,,,0.074220000000,  -3.80000,
,,,0.074240000000,  -3.80000,
,,,0.074260000000,  -3.80000,
,,,0.074280000000,  -3.80000,
,,,0.074300000000,  -3.80000,
,,,0.074320000000,  -3.80000,
,,,0.074340000000,  -3.80000,
,,,0.074360000000,  -3.80000,
,,,0.074380000000,  -3.80000,
,,,0.074400000000,  -3.60000,
,,,0.074420000000,  -3.80000,
,,,0.074440000000,  -3.60000,
,,,0.074460000000,  -3.60000,
,,,0.074480000000,  -3.60000,
,,,0.074500000000,  -3.60000,
,,,0.074520000000,  -3.60000,
,,,0.074540000000,  -3.60000,
,,,0.074560000000,  -3.40000,
,,,0.074580000000,  -3.40000,
,,,0.074600000000,  -3.40000,
,,,0.074620000000,  -3.40000,
,,,0.074640000000,  -3.40000,
,,,0.074660000000,  -3.40000,
,,,0.074680000000,  -3.40000,
,,,0.074700000000,  -3.40000,
,,,0.074720000000,  -3.40000,
,,,0.074740000000,  -3.60000,
,,,0.074760000000,  -3.40000,
,,,0.074780000000,  -3.40000,
,,,0.074800000000,  -3.40000,
,,,0.074820000000,  -3.40000,
,,,0.074840000000,  -3.40000,
,,,0.074860000000,  -3.40000,
,,,0.074880000000,  -3.40000,
,,,0.074900000000,  -3.60000,
,,,0.074920000000,  -3.60000,
,,,0.074940000000,  -3.60000,
,,,0.074960000000,  -3.60000,
,,,0.074980000000,  -3.60000,
,,,0.075000000000,  -3.60000,
,,,0.075020000000,  -3.60000,
,,,0.075040000000,  -3.60000,
,,,0.075060000000,  -3.60000,
,,,0.075080000000,  -3.80000,
,,,0.075100000000,  -3.80000,
,,,0.075120000000,  -3.80000,
,,,0.075140000000,  -3.80000,
,,,0.075160000000,  -3.80000,
,,,0.075180000000,  -3.80000,
,,,0.075200000000,  -4.00000,
,,,0.075220000000,  -4.00000,
,,,0.075240000000,  -4.00000,
,,,0.075260000000,  -4.00000,
,,,0.075280000000,  -4.00000,
,,,0.075300000000,  -4.20000,
,,,0.075320000000,  -4.20000,
,,,0.075340000000,  -4.20000,
,,,0.075360000000,  -4.20000,
,,,0.075380000000,  -4.40000,
,,,0.075400000000,  -4.40000,
,,,0.075420000000,  -4.40000,
,,,0.075440000000,  -4.40000,
,,,0.075460000000,  -4.60000,
,,,0.075480000000,  -4.60000,
,,,0.075500000000,  -4.80000,
,,,0.075520000000,  -4.80000,
,,,0.075540000000,  -4.80000,
,,,0.075560000000,  -4.80000,
,,,0.075580000000,  -4.80000,
,,,0.075600000000,  -4.80000,
,,,0.075620000000,  -5.00000,
,,,0.075640000000,  -5.20000,
,,,0.075660000000,  -5.20000,
,,,0.075680000000,  -5.20000,
,,,0.075700000000,  -5.40000,
,,,0.075720000000,  -5.40000,
,,,0.075740000000,  -5.60000,
,,,0.075760000000,  -5.60000,
,,,0.075780000000,  -5.60000,
,,,0.075800000000,  -5.80000,
,,,0.075820000000,  -5.80000,
,,,0.075840000000,  -5.80000,
,,,0.075860000000,  -6.00000,
,,,0.075880000000,  -6.20000,
,,,0.075900000000,  -6.20000,
,,,0.075920000000,  -6.20000,
,,,0.075940000000,  -6.20000,
,,,0.075960000000,  -6.40000,
,,,0.075980000000,  -6.40000,
,,,0.076000000000,  -6.60000,
,,,0.076020000000,  -6.60000,
,,,0.076040000000,  -6.60000,
,,,0.076060000000,  -6.80000,
,,,0.076080000000,  -6.80000,
,,,0.076100000000,  -6.80000,
,,,0.076120000000,  -7.00000,
,,,0.076140000000,  -7.00000,
,,,0.076160000000,  -7.20000,
,,,0.076180000000,  -7.40000,
,,,0.076200000000,  -7.40000,
,,,0.076220000000,  -7.40000,
,,,0.076240000000,  -7.40000,
,,,0.076260000000,  -7.60000,
,,,0.076280000000,  -7.60000,
,,,0.076300000000,  -7.60000,
,,,0.076320000000,  -7.80000,
,,,0.076340000000,  -8.00000,
,,,0.076360000000,  -8.00000,
,,,0.076380000000,  -8.00000,
,,,0.076400000000,  -8.00000,
,,,0.076420000000,  -8.20000,
,,,0.076440000000,  -8.20000,
,,,0.076460000000,  -8.40000,
,,,0.076480000000,  -8.40000,
,,,0.076500000000,  -8.40000,
,,,0.076520000000,  -8.60000,
,,,0.076540000000,  -8.60000,
,,,0.076560000000,  -8.60000,
,,,0.076580000000,  -8.80000,
,,,0.076600000000,  -8.80000,
,,,0.076620000000,  -8.80000,
,,,0.076640000000,  -8.80000,
,,,0.076660000000,  -8.80000,
,,,0.076680000000,  -8.80000,
,,,0.076700000000,  -9.00000,
,,,0.076720000000,  -9.00000,
,,,0.076740000000,  -9.20000,
,,,0.076760000000,  -9.20000,
,,,0.076780000000,  -9.20000,
,,,0.076800000000,  -9.20000,
,,,0.076820000000,  -9.40000,
,,,0.076840000000,  -9.40000,
,,,0.076860000000,  -9.40000,
,,,0.076880000000,  -9.40000,
,,,0.076900000000,  -9.40000,
,,,0.076920000000,  -9.40000,
,,,0.076940000000,  -9.60000,
,,,0.076960000000,  -9.60000,
,,,0.076980000000,  -9.60000,
,,,0.077000000000,  -9.60000,
,,,0.077020000000,  -9.80000,
,,,0.077040000000,  -9.80000,
,,,0.077060000000,  -9.80000,
,,,0.077080000000,  -9.80000,
,,,0.077100000000,  -9.80000,
,,,0.077120000000,  -9.80000,
,,,0.077140000000,  -9.80000,
,,,0.077160000000, -10.00000,
,,,0.077180000000,  -9.80000,
,,,0.077200000000, -10.00000,
,,,0.077220000000, -10.00000,
,,,0.077240000000, -10.00000,
,,,0.077260000000, -10.00000,
,,,0.077280000000, -10.00000,
,,,0.077300000000, -10.00000,
,,,0.077320000000, -10.00000,
,,,0.077340000000, -10.00000,
,,,0.077360000000, -10.00000,
,,,0.077380000000, -10.20000,
,,,0.077400000000, -10.20000,
,,,0.077420000000, -10.20000,
,,,0.077440000000, -10.20000,
,,,0.077460000000, -10.20000,
,,,0.077480000000, -10.20000,
,,,0.077500000000, -10.20000,
,,,0.077520000000, -10.20000,
,,,0.077540000000, -10.20000,
,,,0.077560000000, -10.20000,
,,,0.077580000000, -10.20000,
,,,0.077600000000, -10.20000,
,,,0.077620000000, -10.20000,
,,,0.077640000000, -10.20000,
,,,0.077660000000, -10.20000,
,,,0.077680000000, -10.40000,
,,,0.077700000000, -10.40000,
,,,0.077720000000, -10.40000,
,,,0.077740000000, -10.40000,
,,,0.077760000000, -10.20000,
,,,0.077780000000, -10.40000,
,,,0.077800000000, -10.20000,
,,,0.077820000000, -10.40000,
,,,0.077840000000, -10.20000,
,,,0.077860000000, -10.40000,
,,,0.077880000000, -10.40000,
,,,0.077900000000, -10.40000,
,,,0.077920000000, -10.60000,
,,,0.077940000000, -10.40000,
,,,0.077960000000, -10.40000,
,,,0.077980000000, -10.40000,
,,,0.078000000000, -10.40000,
,,,0.078020000000, -10.40000,
,,,0.078040000000, -10.40000,
,,,0.078060000000, -10.40000,
,,,0.078080000000, -10.40000,
,,,0.078100000000, -10.40000,
,,,0.078120000000, -10.40000,
,,,0.078140000000, -10.40000,
,,,0.078160000000, -10.40000,
,,,0.078180000000, -10.40000,
,,,0.078200000000, -10.40000,
,,,0.078220000000, -10.40000,
,,,0.078240000000, -10.40000,
,,,0.078260000000, -10.40000,
,,,0.078280000000, -10.40000,
,,,0.078300000000, -10.40000,
,,,0.078320000000, -10.40000,
,,,0.078340000000, -10.40000,
,,,0.078360000000, -10.40000,
,,,0.078380000000, -10.40000,
,,,0.078400000000, -10.40000,
,,,0.078420000000, -10.40000,
,,,0.078440000000, -10.40000,
,,,0.078460000000, -10.40000,
,,,0.078480000000, -10.40000,
,,,0.078500000000, -10.40000,
,,,0.078520000000, -10.60000,
,,,0.078540000000, -10.60000,
,,,0.078560000000, -10.40000,
,,,0.078580000000, -10.40000,
,,,0.078600000000, -10.40000,
,,,0.078620000000, -10.40000,
,,,0.078640000000, -10.40000,
,,,0.078660000000, -10.40000,
,,,0.078680000000, -10.40000,
,,,0.078700000000, -10.40000,
,,,0.078720000000, -10.40000,
,,,0.078740000000, -10.40000,
,,,0.078760000000, -10.60000,
,,,0.078780000000, -10.40000,
,,,0.078800000000, -10.40000,
,,,0.078820000000, -10.40000,
,,,0.078840000000, -10.40000,
,,,0.078860000000, -10.40000,
,,,0.078880000000, -10.40000,
,,,0.078900000000, -10.40000,
,,,0.078920000000, -10.40000,
,,,0.078940000000, -10.40000,
,,,0.078960000000, -10.40000,
,,,0.078980000000, -10.60000,
,,,0.079000000000, -10.40000,
,,,0.079020000000, -10.40000,
,,,0.079040000000, -10.40000,
,,,0.079060000000, -10.40000,
,,,0.079080000000, -10.40000,
,,,0.079100000000, -10.40000,
,,,0.079120000000, -10.40000,
,,,0.079140000000, -10.40000,
,,,0.079160000000, -10.40000,
,,,0.079180000000, -10.40000,
,,,0.079200000000, -10.40000,
,,,0.079220000000, -10.40000,
,,,0.079240000000, -10.40000,
,,,0.079260000000, -10.40000,
,,,0.079280000000, -10.40000,
,,,0.079300000000, -10.40000,
,,,0.079320000000, -10.40000,
,,,0.079340000000, -10.40000,
,,,0.079360000000, -10.40000,
,,,0.079380000000, -10.40000,
,,,0.079400000000, -10.40000,
,,,0.079420000000, -10.40000,
,,,0.079440000000, -10.40000,
,,,0.079460000000, -10.40000,
,,,0.079480000000, -10.40000,
,,,0.079500000000, -10.40000,
,,,0.079520000000, -10.40000,
,,,0.079540000000, -10.40000,
,,,0.079560000000, -10.60000,
,,,0.079580000000, -10.40000,
,,,0.079600000000, -10.40000,
,,,0.079620000000, -10.40000,
,,,0.079640000000, -10.40000,
,,,0.079660000000, -10.40000,
,,,0.079680000000, -10.40000,
,,,0.079700000000, -10.40000,
,,,0.079720000000, -10.60000,
,,,0.079740000000, -10.60000,
,,,0.079760000000, -10.40000,
,,,0.079780000000, -10.60000,
,,,0.079800000000, -10.60000,
,,,0.079820000000, -10.40000,
,,,0.079840000000, -10.40000,
,,,0.079860000000, -10.60000,
,,,0.079880000000, -10.40000,
,,,0.079900000000, -10.40000,
,,,0.079920000000, -10.40000,
,,,0.079940000000, -10.40000,
,,,0.079960000000, -10.40000,
,,,0.079980000000, -10.40000,
,,,0.080000000000, -10.40000,
,,,0.080020000000, -10.40000,
,,,0.080040000000, -10.40000,
,,,0.080060000000, -10.40000,
,,,0.080080000000, -10.40000,
,,,0.080100000000, -10.40000,
,,,0.080120000000, -10.40000,
,,,0.080140000000, -10.60000,
,,,0.080160000000, -10.40000,
,,,0.080180000000, -10.40000,
,,,0.080200000000, -10.40000,
,,,0.080220000000, -10.40000,
,,,0.080240000000, -10.40000,
,,,0.080260000000, -10.40000,
,,,0.080280000000, -10.40000,
,,,0.080300000000, -10.40000,
,,,0.080320000000, -10.40000,
,,,0.080340000000, -10.40000,
,,,0.080360000000, -10.40000,
,,,0.080380000000, -10.40000,
,,,0.080400000000, -10.40000,
,,,0.080420000000, -10.40000,
,,,0.080440000000, -10.40000,
,,,0.080460000000, -10.40000,
,,,0.080480000000, -10.40000,
,,,0.080500000000, -10.40000,
,,,0.080520000000, -10.40000,
,,,0.080540000000, -10.40000,
,,,0.080560000000, -10.40000,
,,,0.080580000000, -10.40000,
,,,0.080600000000, -10.40000,
,,,0.080620000000, -10.40000,
,,,0.080640000000, -10.40000,
,,,0.080660000000, -10.40000,
,,,0.080680000000, -10.40000,
,,,0.080700000000, -10.40000,
,,,0.080720000000, -10.40000,
,,,0.080740000000, -10.60000,
,,,0.080760000000, -10.40000,
,,,0.080780000000, -10.40000,
,,,0.080800000000, -10.40000,
,,,0.080820000000, -10.40000,
,,,0.080840000000, -10.40000,
,,,0.080860000000, -10.40000,
,,,0.080880000000, -10.40000,
,,,0.080900000000, -10.40000,
,,,0.080920000000, -10.40000,
,,,0.080940000000, -10.40000,
,,,0.080960000000, -10.40000,
,,,0.080980000000, -10.40000,
,,,0.081000000000, -10.40000,
,,,0.081020000000, -10.40000,
,,,0.081040000000, -10.40000,
,,,0.081060000000, -10.60000,
,,,0.081080000000, -10.60000,
,,,0.081100000000, -10.40000,
,,,0.081120000000, -10.40000,
,,,0.081140000000, -10.40000,
,,,0.081160000000, -10.40000,
,,,0.081180000000, -10.60000,
,,,0.081200000000, -10.40000,
,,,0.081220000000, -10.40000,
,,,0.081240000000, -10.40000,
,,,0.081260000000, -10.40000,
,,,0.081280000000, -10.40000,
,,,0.081300000000, -10.40000,
,,,0.081320000000, -10.40000,
,,,0.081340000000, -10.40000,
,,,0.081360000000, -10.40000,
,,,0.081380000000, -10.40000,
,,,0.081400000000, -10.40000,
,,,0.081420000000, -10.40000,
,,,0.081440000000, -10.40000,
,,,0.081460000000, -10.40000,
,,,0.081480000000, -10.40000,
,,,0.081500000000, -10.40000,
,,,0.081520000000, -10.40000,
,,,0.081540000000, -10.40000,
,,,0.081560000000, -10.40000,
,,,0.081580000000, -10.40000,
,,,0.081600000000, -10.60000,
,,,0.081620000000, -10.40000,
,,,0.081640000000, -10.40000,
,,,0.081660000000, -10.40000,
,,,0.081680000000, -10.40000,
,,,0.081700000000, -10.40000,
,,,0.081720000000, -10.40000,
,,,0.081740000000, -10.40000,
,,,0.081760000000, -10.40000,
,,,0.081780000000, -10.40000,
,,,0.081800000000, -10.40000,
,,,0.081820000000, -10.40000,
,,,0.081840000000, -10.40000,
,,,0.081860000000, -10.60000,
,,,0.081880000000, -10.40000,
,,,0.081900000000, -10.40000,
,,,0.081920000000, -10.40000,
,,,0.081940000000, -10.40000,
,,,0.081960000000, -10.40000,
,,,0.081980000000, -10.40000,
,,,0.082000000000, -10.40000,
,,,0.082020000000, -10.40000,
,,,0.082040000000, -10.40000,
,,,0.082060000000, -10.40000,
,,,0.082080000000, -10.40000,
,,,0.082100000000, -10.40000,
,,,0.082120000000, -10.40000,
,,,0.082140000000, -10.60000,
,,,0.082160000000, -10.40000,
,,,0.082180000000, -10.40000,
,,,0.082200000000, -10.40000,
,,,0.082220000000, -10.40000,
,,,0.082240000000, -10.40000,
,,,0.082260000000, -10.40000,
,,,0.082280000000, -10.40000,
,,,0.082300000000, -10.40000,
,,,0.082320000000, -10.40000,
,,,0.082340000000, -10.40000,
,,,0.082360000000, -10.40000,
,,,0.082380000000, -10.40000,
,,,0.082400000000, -10.40000,
,,,0.082420000000, -10.40000,
,,,0.082440000000, -10.40000,
,,,0.082460000000, -10.40000,
,,,0.082480000000, -10.40000,
,,,0.082500000000, -10.60000,
,,,0.082520000000, -10.40000,
,,,0.082540000000, -10.40000,
,,,0.082560000000, -10.40000,
,,,0.082580000000, -10.40000,
,,,0.082600000000, -10.40000,
,,,0.082620000000, -10.40000,
,,,0.082640000000, -10.40000,
,,,0.082660000000, -10.40000,
,,,0.082680000000, -10.40000,
,,,0.082700000000, -10.40000,
,,,0.082720000000, -10.40000,
,,,0.082740000000, -10.40000,
,,,0.082760000000, -10.40000,
,,,0.082780000000, -10.40000,
,,,0.082800000000, -10.40000,
,,,0.082820000000, -10.40000,
,,,0.082840000000, -10.60000,
,,,0.082860000000, -10.40000,
,,,0.082880000000, -10.40000,
,,,0.082900000000, -10.40000,
,,,0.082920000000, -10.40000,
,,,0.082940000000, -10.40000,
,,,0.082960000000, -10.40000,
,,,0.082980000000, -10.40000,
,,,0.083000000000, -10.20000,
,,,0.083020000000, -10.40000,
,,,0.083040000000, -10.40000,
,,,0.083060000000, -10.40000,
,,,0.083080000000, -10.40000,
,,,0.083100000000, -10.40000,
,,,0.083120000000, -10.40000,
,,,0.083140000000, -10.40000,
,,,0.083160000000, -10.20000,
,,,0.083180000000, -10.40000,
,,,0.083200000000, -10.40000,
,,,0.083220000000, -10.40000,
,,,0.083240000000, -10.40000,
,,,0.083260000000, -10.40000,
,,,0.083280000000, -10.40000,
,,,0.083300000000, -10.40000,
,,,0.083320000000, -10.40000,
,,,0.083340000000, -10.40000,
,,,0.083360000000, -10.20000,
,,,0.083380000000, -10.20000,
,,,0.083400000000, -10.40000,
,,,0.083420000000, -10.20000,
,,,0.083440000000, -10.40000,
,,,0.083460000000, -10.20000,
,,,0.083480000000, -10.20000,
,,,0.083500000000, -10.40000,
,,,0.083520000000, -10.20000,
,,,0.083540000000, -10.20000,
,,,0.083560000000, -10.20000,
,,,0.083580000000, -10.20000,
,,,0.083600000000, -10.20000,
,,,0.083620000000, -10.20000,
,,,0.083640000000, -10.20000,
,,,0.083660000000, -10.20000,
,,,0.083680000000, -10.20000,
,,,0.083700000000, -10.20000,
,,,0.083720000000, -10.20000,
,,,0.083740000000, -10.20000,
,,,0.083760000000, -10.20000,
,,,0.083780000000, -10.00000,
,,,0.083800000000, -10.20000,
,,,0.083820000000, -10.00000,
,,,0.083840000000, -10.20000,
,,,0.083860000000, -10.00000,
,,,0.083880000000, -10.00000,
,,,0.083900000000, -10.00000,
,,,0.083920000000, -10.00000,
,,,0.083940000000, -10.00000,
,,,0.083960000000, -10.00000,
,,,0.083980000000, -10.00000,
,,,0.084000000000, -10.00000,
,,,0.084020000000, -10.00000,
,,,0.084040000000, -10.00000,
,,,0.084060000000, -10.00000,
,,,0.084080000000, -10.00000,
,,,0.084100000000, -10.00000,
,,,0.084120000000,  -9.80000,
,,,0.084140000000, -10.00000,
,,,0.084160000000,  -9.80000,
,,,0.084180000000,  -9.80000,
,,,0.084200000000,  -9.80000,
,,,0.084220000000,  -9.80000,
,,,0.084240000000,  -9.80000,
,,,0.084260000000,  -9.80000,
,,,0.084280000000,  -9.80000,
,,,0.084300000000,  -9.60000,
,,,0.084320000000,  -9.60000,
,,,0.084340000000,  -9.60000,
,,,0.084360000000,  -9.60000,
,,,0.084380000000,  -9.60000,
,,,0.084400000000,  -9.60000,
,,,0.084420000000,  -9.60000,
,,,0.084440000000,  -9.40000,
,,,0.084460000000,  -9.60000,
,,,0.084480000000,  -9.40000,
,,,0.084500000000,  -9.40000,
,,,0.084520000000,  -9.40000,
,,,0.084540000000,  -9.40000,
,,,0.084560000000,  -9.40000,
,,,0.084580000000,  -9.40000,
,,,0.084600000000,  -9.40000,
,,,0.084620000000,  -9.20000,
,,,0.084640000000,  -9.20000,
,,,0.084660000000,  -9.20000,
,,,0.084680000000,  -9.20000,
,,,0.084700000000,  -9.20000,
,,,0.084720000000,  -9.20000,
,,,0.084740000000,  -9.20000,
,,,0.084760000000,  -9.00000,
,,,0.084780000000,  -9.00000,
,,,0.084800000000,  -9.00000,
,,,0.084820000000,  -9.00000,
,,,0.084840000000,  -9.00000,
,,,0.084860000000,  -9.00000,
,,,0.084880000000,  -9.00000,
,,,0.084900000000,  -9.00000,
,,,0.084920000000,  -9.00000,
,,,0.084940000000,  -9.00000,
,,,0.084960000000,  -8.80000,
,,,0.084980000000,  -9.00000,
,,,0.085000000000,  -9.00000,
,,,0.085020000000,  -8.80000,
,,,0.085040000000,  -8.80000,
,,,0.085060000000,  -8.80000,
,,,0.085080000000,  -8.80000,
,,,0.085100000000,  -8.80000,
,,,0.085120000000,  -8.80000,
,,,0.085140000000,  -8.80000,
,,,0.085160000000,  -8.80000,
,,,0.085180000000,  -8.80000,
,,,0.085200000000,  -8.80000,
,,,0.085220000000,  -8.80000,
,,,0.085240000000,  -8.80000,
,,,0.085260000000,  -8.80000,
,,,0.085280000000,  -8.80000,
,,,0.085300000000,  -8.80000,
,,,0.085320000000,  -8.80000,
,,,0.085340000000,  -8.80000,
,,,0.085360000000,  -8.80000,
,,,0.085380000000,  -8.80000,
,,,0.085400000000,  -8.80000,
,,,0.085420000000,  -8.80000,
,,,0.085440000000,  -8.80000,
,,,0.085460000000,  -8.80000,
,,,0.085480000000,  -8.80000,
,,,0.085500000000,  -8.80000,
,,,0.085520000000,  -8.80000,
,,,0.085540000000,  -8.80000,
,,,0.085560000000,  -8.80000,
,,,0.085580000000,  -8.80000,
,,,0.085600000000,  -8.80000,
,,,0.085620000000,  -8.80000,
,,,0.085640000000,  -8.80000,
,,,0.085660000000,  -8.80000,
,,,0.085680000000,  -8.80000,
,,,0.085700000000,  -8.80000,
,,,0.085720000000,  -8.80000,
,,,0.085740000000,  -8.80000,
,,,0.085760000000,  -9.00000,
,,,0.085780000000,  -9.00000,
,,,0.085800000000,  -8.80000,
,,,0.085820000000,  -9.00000,
,,,0.085840000000,  -9.00000,
,,,0.085860000000,  -9.00000,
,,,0.085880000000,  -9.00000,
,,,0.085900000000,  -9.00000,
,,,0.085920000000,  -9.00000,
,,,0.085940000000,  -9.00000,
,,,0.085960000000,  -9.00000,
,,,0.085980000000,  -9.20000,
,,,0.086000000000,  -9.00000,
,,,0.086020000000,  -9.20000,
,,,0.086040000000,  -9.20000,
,,,0.086060000000,  -9.20000,
,,,0.086080000000,  -9.20000,
,,,0.086100000000,  -9.20000,
,,,0.086120000000,  -9.20000,
,,,0.086140000000,  -9.20000,
,,,0.086160000000,  -9.40000,
,,,0.086180000000,  -9.40000,
,,,0.086200000000,  -9.40000,
,,,0.086220000000,  -9.40000,
,,,0.086240000000,  -9.40000,
,,,0.086260000000,  -9.40000,
,,,0.086280000000,  -9.40000,
,,,0.086300000000,  -9.60000,
,,,0.086320000000,  -9.40000,
,,,0.086340000000,  -9.60000,
,,,0.086360000000,  -9.60000,
,,,0.086380000000,  -9.60000,
,,,0.086400000000,  -9.60000,
,,,0.086420000000,  -9.60000,
,,,0.086440000000,  -9.60000,
,,,0.086460000000,  -9.60000,
,,,0.086480000000,  -9.80000,
,,,0.086500000000,  -9.80000,
,,,0.086520000000,  -9.80000,
,,,0.086540000000,  -9.80000,
,,,0.086560000000,  -9.80000,
,,,0.086580000000,  -9.80000,
,,,0.086600000000,  -9.80000,
,,,0.086620000000,  -9.80000,
,,,0.086640000000, -10.00000,
,,,0.086660000000,  -9.80000,
,,,0.086680000000, -10.00000,
,,,0.086700000000, -10.00000,
,,,0.086720000000, -10.00000,
,,,0.086740000000, -10.00000,
,,,0.086760000000, -10.00000,
,,,0.086780000000, -10.00000,
,,,0.086800000000, -10.00000,
,,,0.086820000000, -10.00000,
,,,0.086840000000, -10.00000,
,,,0.086860000000, -10.00000,
,,,0.086880000000, -10.00000,
,,,0.086900000000, -10.20000,
,,,0.086920000000, -10.00000,
,,,0.086940000000, -10.20000,
,,,0.086960000000, -10.20000,
,,,0.086980000000, -10.20000,
,,,0.087000000000, -10.00000,
,,,0.087020000000, -10.20000,
,,,0.087040000000, -10.20000,
,,,0.087060000000, -10.20000,
,,,0.087080000000, -10.20000,
,,,0.087100000000, -10.20000,
,,,0.087120000000, -10.20000,
,,,0.087140000000, -10.20000,
,,,0.087160000000, -10.20000,
,,,0.087180000000, -10.20000,
,,,0.087200000000, -10.20000,
,,,0.087220000000, -10.20000,
,,,0.087240000000, -10.40000,
,,,0.087260000000, -10.40000,
,,,0.087280000000, -10.40000,
,,,0.087300000000, -10.40000,
,,,0.087320000000, -10.20000,
,,,0.087340000000, -10.20000,
,,,0.087360000000, -10.40000,
,,,0.087380000000, -10.40000,
,,,0.087400000000, -10.40000,
,,,0.087420000000, -10.40000,
,,,0.087440000000, -10.40000,
,,,0.087460000000, -10.40000,
,,,0.087480000000, -10.40000,
,,,0.087500000000, -10.40000,
,,,0.087520000000, -10.40000,
,,,0.087540000000, -10.40000,
,,,0.087560000000, -10.40000,
,,,0.087580000000, -10.40000,
,,,0.087600000000, -10.40000,
,,,0.087620000000, -10.40000,
,,,0.087640000000, -10.40000,
,,,0.087660000000, -10.40000,
,,,0.087680000000, -10.40000,
,,,0.087700000000, -10.20000,
,,,0.087720000000, -10.40000,
,,,0.087740000000, -10.60000,
,,,0.087760000000, -10.40000,
,,,0.087780000000, -10.40000,
,,,0.087800000000, -10.40000,
,,,0.087820000000, -10.40000,
,,,0.087840000000, -10.60000,
,,,0.087860000000, -10.40000,
,,,0.087880000000, -10.40000,
,,,0.087900000000, -10.60000,
,,,0.087920000000, -10.40000,
,,,0.087940000000, -10.40000,
,,,0.087960000000, -10.40000,
,,,0.087980000000, -10.40000,
,,,0.088000000000, -10.40000,
,,,0.088020000000, -10.40000,
,,,0.088040000000, -10.40000,
,,,0.088060000000, -10.40000,
,,,0.088080000000, -10.40000,
,,,0.088100000000, -10.60000,
,,,0.088120000000, -10.40000,
,,,0.088140000000, -10.40000,
,,,0.088160000000, -10.40000,
,,,0.088180000000, -10.40000,
,,,0.088200000000, -10.60000,
,,,0.088220000000, -10.40000,
,,,0.088240000000, -10.40000,
,,,0.088260000000, -10.40000,
,,,0.088280000000, -10.40000,
,,,0.088300000000, -10.40000,
,,,0.088320000000, -10.40000,
,,,0.088340000000, -10.40000,
,,,0.088360000000, -10.60000,
,,,0.088380000000, -10.40000,
,,,0.088400000000, -10.60000,
,,,0.088420000000, -10.40000,
,,,0.088440000000, -10.40000,
,,,0.088460000000, -10.40000,
,,,0.088480000000, -10.40000,
,,,0.088500000000, -10.40000,
,,,0.088520000000, -10.40000,
,,,0.088540000000, -10.40000,
,,,0.088560000000, -10.40000,
,,,0.088580000000, -10.40000,
,,,0.088600000000, -10.60000,
,,,0.088620000000, -10.40000,
,,,0.088640000000, -10.40000,
,,,0.088660000000, -10.60000,
,,,0.088680000000, -10.40000,
,,,0.088700000000, -10.40000,
,,,0.088720000000, -10.60000,
,,,0.088740000000, -10.60000,
,,,0.088760000000, -10.40000,
,,,0.088780000000, -10.40000,
,,,0.088800000000, -10.40000,
,,,0.088820000000, -10.40000,
,,,0.088840000000, -10.40000,
,,,0.088860000000, -10.40000,
,,,0.088880000000, -10.60000,
,,,0.088900000000, -10.40000,
,,,0.088920000000, -10.60000,
,,,0.088940000000, -10.40000,
,,,0.088960000000, -10.60000,
,,,0.088980000000, -10.40000,
,,,0.089000000000, -10.40000,
,,,0.089020000000, -10.40000,
,,,0.089040000000, -10.40000,
,,,0.089060000000, -10.60000,
,,,0.089080000000, -10.60000,
,,,0.089100000000, -10.40000,
,,,0.089120000000, -10.40000,
,,,0.089140000000, -10.40000,
,,,0.089160000000, -10.40000,
,,,0.089180000000, -10.40000,
,,,0.089200000000, -10.40000,
,,,0.089220000000, -10.40000,
,,,0.089240000000, -10.40000,
,,,0.089260000000, -10.40000,
,,,0.089280000000, -10.40000,
,,,0.089300000000, -10.40000,
,,,0.089320000000, -10.40000,
,,,0.089340000000, -10.60000,
,,,0.089360000000, -10.40000,
,,,0.089380000000, -10.40000,
,,,0.089400000000, -10.40000,
,,,0.089420000000, -10.40000,
,,,0.089440000000, -10.40000,
,,,0.089460000000, -10.40000,
,,,0.089480000000, -10.40000,
,,,0.089500000000, -10.40000,
,,,0.089520000000, -10.40000,
,,,0.089540000000, -10.40000,
,,,0.089560000000, -10.40000,
,,,0.089580000000, -10.40000,
,,,0.089600000000, -10.40000,
,,,0.089620000000, -10.40000,
,,,0.089640000000, -10.40000,
,,,0.089660000000, -10.40000,
,,,0.089680000000, -10.40000,
,,,0.089700000000, -10.40000,
,,,0.089720000000, -10.40000,
,,,0.089740000000, -10.40000,
,,,0.089760000000, -10.40000,
,,,0.089780000000, -10.40000,
,,,0.089800000000, -10.40000,
,,,0.089820000000, -10.40000,
,,,0.089840000000, -10.40000,
,,,0.089860000000, -10.40000,
,,,0.089880000000, -10.40000,
,,,0.089900000000, -10.40000,
,,,0.089920000000, -10.40000,
,,,0.089940000000, -10.40000,
,,,0.089960000000, -10.40000,
,,,0.089980000000, -10.40000,
,,,0.090000000000, -10.40000,
,,,0.090020000000, -10.40000,
,,,0.090040000000, -10.40000,
,,,0.090060000000, -10.40000,
,,,0.090080000000, -10.40000,
,,,0.090100000000, -10.40000,
,,,0.090120000000, -10.40000,
,,,0.090140000000, -10.40000,
,,,0.090160000000, -10.40000,
,,,0.090180000000, -10.20000,
,,,0.090200000000, -10.40000,
,,,0.090220000000, -10.40000,
,,,0.090240000000, -10.40000,
,,,0.090260000000, -10.20000,
,,,0.090280000000, -10.20000,
,,,0.090300000000, -10.40000,
,,,0.090320000000, -10.20000,
,,,0.090340000000, -10.20000,
,,,0.090360000000, -10.20000,
,,,0.090380000000, -10.20000,
,,,0.090400000000, -10.20000,
,,,0.090420000000, -10.20000,
,,,0.090440000000, -10.20000,
,,,0.090460000000, -10.20000,
,,,0.090480000000, -10.20000,
,,,0.090500000000, -10.20000,
,,,0.090520000000, -10.00000,
,,,0.090540000000, -10.20000,
,,,0.090560000000, -10.00000,
,,,0.090580000000, -10.20000,
,,,0.090600000000, -10.00000,
,,,0.090620000000, -10.00000,
,,,0.090640000000, -10.00000,
,,,0.090660000000, -10.00000,
,,,0.090680000000, -10.00000,
,,,0.090700000000, -10.00000,
,,,0.090720000000, -10.00000,
,,,0.090740000000, -10.00000,
,,,0.090760000000, -10.00000,
,,,0.090780000000,  -9.80000,
,,,0.090800000000,  -9.80000,
,,,0.090820000000,  -9.80000,
,,,0.090840000000,  -9.80000,
,,,0.090860000000,  -9.80000,
,,,0.090880000000,  -9.60000,
,,,0.090900000000,  -9.60000,
,,,0.090920000000,  -9.60000,
,,,0.090940000000,  -9.60000,
,,,0.090960000000,  -9.60000,
,,,0.090980000000,  -9.60000,
,,,0.091000000000,  -9.60000,
,,,0.091020000000,  -9.60000,
,,,0.091040000000,  -9.60000,
,,,0.091060000000,  -9.40000,
,,,0.091080000000,  -9.40000,
,,,0.091100000000,  -9.40000,
,,,0.091120000000,  -9.40000,
,,,0.091140000000,  -9.40000,
,,,0.091160000000,  -9.20000,
,,,0.091180000000,  -9.20000,
,,,0.091200000000,  -9.20000,
,,,0.091220000000,  -9.20000,
,,,0.091240000000,  -9.20000,
,,,0.091260000000,  -9.20000,
,,,0.091280000000,  -9.20000,
,,,0.091300000000,  -9.00000,
,,,0.091320000000,  -9.00000,
,,,0.091340000000,  -9.00000,
,,,0.091360000000,  -9.00000,
,,,0.091380000000,  -9.00000,
,,,0.091400000000,  -9.00000,
,,,0.091420000000,  -8.80000,
,,,0.091440000000,  -8.80000,
,,,0.091460000000,  -8.80000,
,,,0.091480000000,  -8.80000,
,,,0.091500000000,  -8.80000,
,,,0.091520000000,  -8.80000,
,,,0.091540000000,  -8.60000,
,,,0.091560000000,  -8.80000,
,,,0.091580000000,  -8.60000,
,,,0.091600000000,  -8.80000,
,,,0.091620000000,  -8.60000,
,,,0.091640000000,  -8.60000,
,,,0.091660000000,  -8.60000,
,,,0.091680000000,  -8.60000,
,,,0.091700000000,  -8.60000,
,,,0.091720000000,  -8.60000,
,,,0.091740000000,  -8.60000,
,,,0.091760000000,  -8.60000,
,,,0.091780000000,  -8.60000,
,,,0.091800000000,  -8.60000,
,,,0.091820000000,  -8.60000,
,,,0.091840000000,  -8.60000,
,,,0.091860000000,  -8.60000,
,,,0.091880000000,  -8.60000,
,,,0.091900000000,  -8.60000,
,,,0.091920000000,  -8.60000,
,,,0.091940000000,  -8.60000,
,,,0.091960000000,  -8.60000,
,,,0.091980000000,  -8.40000,
,,,0.092000000000,  -8.60000,
,,,0.092020000000,  -8.60000,
,,,0.092040000000,  -8.60000,
,,,0.092060000000,  -8.60000,
,,,0.092080000000,  -8.60000,
,,,0.092100000000,  -8.60000,
,,,0.092120000000,  -8.60000,
,,,0.092140000000,  -8.60000,
,,,0.092160000000,  -8.60000,
,,,0.092180000000,  -8.60000,
,,,0.092200000000,  -8.60000,
,,,0.092220000000,  -8.80000,
,,,0.092240000000,  -8.80000,
,,,0.092260000000,  -8.80000,
,,,0.092280000000,  -8.80000,
,,,0.092300000000,  -8.80000,
,,,0.092320000000,  -8.80000,
,,,0.092340000000,  -8.80000,
,,,0.092360000000,  -9.00000,
,,,0.092380000000,  -9.00000,
,,,0.092400000000,  -9.00000,
,,,0.092420000000,  -9.00000,
,,,0.092440000000,  -9.00000,
,,,0.092460000000,  -9.20000,
,,,0.092480000000,  -9.20000,
,,,0.092500000000,  -9.20000,
,,,0.092520000000,  -9.20000,
,,,0.092540000000,  -9.20000,
,,,0.092560000000,  -9.20000,
,,,0.092580000000,  -9.20000,
,,,0.092600000000,  -9.40000,
,,,0.092620000000,  -9.40000,
,,,0.092640000000,  -9.40000,
,,,0.092660000000,  -9.40000,
,,,0.092680000000,  -9.40000,
,,,0.092700000000,  -9.40000,
,,,0.092720000000,  -9.40000,
,,,0.092740000000,  -9.40000,
,,,0.092760000000,  -9.40000,
,,,0.092780000000,  -9.40000,
,,,0.092800000000,  -9.60000,
,,,0.092820000000,  -9.60000,
,,,0.092840000000,  -9.40000,
,,,0.092860000000,  -9.60000,
,,,0.092880000000,  -9.60000,
,,,0.092900000000,  -9.60000,
,,,0.092920000000,  -9.60000,
,,,0.092940000000,  -9.60000,
,,,0.092960000000,  -9.60000,
,,,0.092980000000,  -9.60000,
,,,0.093000000000,  -9.60000,
,,,0.093020000000,  -9.60000,
,,,0.093040000000,  -9.60000,
,,,0.093060000000,  -9.60000,
,,,0.093080000000,  -9.40000,
,,,0.093100000000,  -9.60000,
,,,0.093120000000,  -9.40000,
,,,0.093140000000,  -9.60000,
,,,0.093160000000,  -9.40000,
,,,0.093180000000,  -9.40000,
,,,0.093200000000,  -9.40000,
,,,0.093220000000,  -9.40000,
,,,0.093240000000,  -9.40000,
,,,0.093260000000,  -9.40000,
,,,0.093280000000,  -9.40000,
,,,0.093300000000,  -9.20000,
,,,0.093320000000,  -9.20000,
,,,0.093340000000,  -9.20000,
,,,0.093360000000,  -9.20000,
,,,0.093380000000,  -9.00000,
,,,0.093400000000,  -9.00000,
,,,0.093420000000,  -9.00000,
,,,0.093440000000,  -9.00000,
,,,0.093460000000,  -8.80000,
,,,0.093480000000,  -8.80000,
,,,0.093500000000,  -8.80000,
,,,0.093520000000,  -8.60000,
,,,0.093540000000,  -8.60000,
,,,0.093560000000,  -8.60000,
,,,0.093580000000,  -8.40000,
,,,0.093600000000,  -8.40000,
,,,0.093620000000,  -8.40000,
,,,0.093640000000,  -8.20000,
,,,0.093660000000,  -8.20000,
,,,0.093680000000,  -8.20000,
,,,0.093700000000,  -8.00000,
,,,0.093720000000,  -8.00000,
,,,0.093740000000,  -8.00000,
,,,0.093760000000,  -7.80000,
,,,0.093780000000,  -7.80000,
,,,0.093800000000,  -7.60000,
,,,0.093820000000,  -7.60000,
,,,0.093840000000,  -7.40000,
,,,0.093860000000,  -7.40000,
,,,0.093880000000,  -7.40000,
,,,0.093900000000,  -7.40000,
,,,0.093920000000,  -7.20000,
,,,0.093940000000,  -7.20000,
,,,0.093960000000,  -7.20000,
,,,0.093980000000,  -7.00000,
,,,0.094000000000,  -7.00000,
,,,0.094020000000,  -6.80000,
,,,0.094040000000,  -6.80000,
,,,0.094060000000,  -6.80000,
,,,0.094080000000,  -9.20000,
,,,0.094100000000, -10.00000,
,,,0.094120000000, -10.00000,
,,,0.094140000000, -10.00000,
,,,0.094160000000, -10.00000,
,,,0.094180000000, -10.00000,
,,,0.094200000000, -10.00000,
,,,0.094220000000, -10.00000,
,,,0.094240000000, -10.00000,
,,,0.094260000000, -10.00000,
,,,0.094280000000, -10.00000,
,,,0.094300000000, -10.00000,
,,,0.094320000000, -10.00000,
,,,0.094340000000, -10.00000,
,,,0.094360000000, -10.00000,
,,,0.094380000000, -10.00000,
,,,0.094400000000, -10.00000,
,,,0.094420000000, -10.00000,
,,,0.094440000000, -10.00000,
,,,0.094460000000, -10.00000,
,,,0.094480000000, -10.00000,
,,,0.094500000000, -10.00000,
,,,0.094520000000, -10.00000,
,,,0.094540000000, -10.00000,
,,,0.094560000000, -10.00000,
,,,0.094580000000, -10.00000,
,,,0.094600000000, -10.00000,
,,,0.094620000000, -10.00000,
,,,0.094640000000, -10.00000,
,,,0.094660000000, -10.00000,
,,,0.094680000000, -10.00000,
,,,0.094700000000, -10.00000,
,,,0.094720000000, -10.00000,
,,,0.094740000000, -10.00000,
,,,0.094760000000, -10.00000,
,,,0.094780000000, -10.00000,
,,,0.094800000000, -10.00000,
,,,0.094820000000, -10.00000,
,,,0.094840000000, -10.00000,
,,,0.094860000000, -10.00000,
,,,0.094880000000, -10.00000,
,,,0.094900000000, -10.00000,
,,,0.094920000000, -10.00000,
,,,0.094940000000, -10.00000,
,,,0.094960000000, -10.00000,
,,,0.094980000000, -10.00000,
,,,0.095000000000, -10.00000,
,,,0.095020000000, -10.00000,
,,,0.095040000000, -10.00000,
,,,0.095060000000, -10.00000,
,,,0.095080000000, -10.00000,
,,,0.095100000000, -10.00000,
,,,0.095120000000, -10.00000,
,,,0.095140000000, -10.00000,
,,,0.095160000000, -10.00000,
,,,0.095180000000, -10.00000,
,,,0.095200000000, -10.00000,
,,,0.095220000000, -10.00000,
,,,0.095240000000, -10.00000,
,,,0.095260000000, -10.00000,
,,,0.095280000000, -10.00000,
,,,0.095300000000, -10.00000,
,,,0.095320000000, -10.00000,
,,,0.095340000000, -10.00000,
,,,0.095360000000, -10.00000,
,,,0.095380000000, -10.00000,
,,,0.095400000000, -10.00000,
,,,0.095420000000, -10.00000,
,,,0.095440000000, -10.00000,
,,,0.095460000000, -10.00000,
,,,0.095480000000, -10.00000,
,,,0.095500000000, -10.00000,
,,,0.095520000000, -10.00000,
,,,0.095540000000, -10.00000,
,,,0.095560000000, -10.00000,
,,,0.095580000000, -10.00000,
,,,0.095600000000, -10.00000,
,,,0.095620000000, -10.00000,
,,,0.095640000000, -10.00000,
,,,0.095660000000, -10.00000,
,,,0.095680000000, -10.00000,
,,,0.095700000000, -10.00000,
,,,0.095720000000, -10.00000,
,,,0.095740000000, -10.00000,
,,,0.095760000000, -10.00000,
,,,0.095780000000, -10.00000,
,,,0.095800000000, -10.00000,
,,,0.095820000000, -10.00000,
,,,0.095840000000, -10.00000,
,,,0.095860000000, -10.00000,
,,,0.095880000000, -10.00000,
,,,0.095900000000, -10.00000,
,,,0.095920000000, -10.00000,
,,,0.095940000000, -10.00000,
,,,0.095960000000, -10.00000,
,,,0.095980000000, -10.00000,
,,,0.096000000000, -10.00000,
,,,0.096020000000, -10.00000,
,,,0.096040000000, -10.20000,
,,,0.096060000000, -10.00000,
,,,0.096080000000, -10.00000,
,,,0.096100000000, -10.00000,
,,,0.096120000000, -10.00000,
,,,0.096140000000, -10.00000,
,,,0.096160000000, -10.00000,
,,,0.096180000000, -10.00000,
,,,0.096200000000, -10.00000,
,,,0.096220000000, -10.00000,
,,,0.096240000000, -10.00000,
,,,0.096260000000, -10.00000,
,,,0.096280000000, -10.00000,
,,,0.096300000000, -10.00000,
,,,0.096320000000, -10.00000,
,,,0.096340000000, -10.00000,
,,,0.096360000000, -10.00000,
,,,0.096380000000, -10.00000,
,,,0.096400000000, -10.00000,
,,,0.096420000000, -10.00000,
,,,0.096440000000, -10.00000,
,,,0.096460000000, -10.00000,
,,,0.096480000000, -10.00000,
,,,0.096500000000, -10.00000,
,,,0.096520000000,  -8.60000,
,,,0.096540000000,  -7.40000,
,,,0.096560000000,  -7.40000,
,,,0.096580000000,  -7.00000,
,,,0.096600000000,  -7.00000,
,,,0.096620000000,  -6.80000,
,,,0.096640000000,  -6.80000,
,,,0.096660000000,  -6.80000,
,,,0.096680000000,  -6.80000,
,,,0.096700000000,  -6.80000,
,,,0.096720000000,  -7.00000,
,,,0.096740000000,  -7.00000,
,,,0.096760000000,  -7.00000,
,,,0.096780000000,  -7.00000,
,,,0.096800000000,  -7.20000,
,,,0.096820000000,  -7.20000,
,,,0.096840000000,  -7.40000,
,,,0.096860000000,  -7.40000,
,,,0.096880000000,  -7.60000,
,,,0.096900000000,  -7.60000,
,,,0.096920000000,  -7.80000,
,,,0.096940000000,  -8.00000,
,,,0.096960000000,  -8.00000,
,,,0.096980000000,  -8.20000,
,,,0.097000000000,  -8.20000,
,,,0.097020000000,  -8.20000,
,,,0.097040000000,  -9.00000,
,,,0.097060000000,  -9.40000,
,,,0.097080000000,  -9.40000,
,,,0.097100000000,  -9.40000,
,,,0.097120000000,  -9.20000,
,,,0.097140000000,  -9.40000,
,,,0.097160000000,  -9.40000,
,,,0.097180000000,  -9.40000,
,,,0.097200000000,  -9.20000,
,,,0.097220000000,  -9.40000,
,,,0.097240000000,  -9.20000,
,,,0.097260000000,  -9.20000,
,,,0.097280000000,  -9.20000,
,,,0.097300000000,  -9.20000,
,,,0.097320000000,  -9.40000,
,,,0.097340000000,  -9.40000,
,,,0.097360000000,  -9.20000,
,,,0.097380000000,  -9.20000,
,,,0.097400000000,  -9.20000,
,,,0.097420000000,  -9.20000,
,,,0.097440000000,  -9.20000,
,,,0.097460000000,  -9.20000,
,,,0.097480000000,  -9.20000,
,,,0.097500000000,  -9.20000,
,,,0.097520000000,  -9.20000,
,,,0.097540000000,  -9.20000,
,,,0.097560000000,  -9.20000,
,,,0.097580000000,  -9.00000,
,,,0.097600000000,  -9.20000,
,,,0.097620000000,  -9.00000,
,,,0.097640000000,  -9.00000,
,,,0.097660000000,  -9.00000,
,,,0.097680000000,  -9.00000,
,,,0.097700000000,  -9.00000,
,,,0.097720000000,  -9.00000,
,,,0.097740000000,  -9.00000,
,,,0.097760000000,  -8.80000,
,,,0.097780000000,  -8.80000,
,,,0.097800000000,  -8.80000,
,,,0.097820000000,  -8.80000,
,,,0.097840000000,  -8.80000,
,,,0.097860000000,  -8.80000,
,,,0.097880000000,  -8.80000,
,,,0.097900000000,  -8.80000,
,,,0.097920000000,  -8.80000,
,,,0.097940000000,  -8.60000,
,,,0.097960000000,  -8.80000,
,,,0.097980000000,  -8.60000,
,,,0.098000000000,  -8.60000,
,,,0.098020000000,  -8.60000,
,,,0.098040000000,  -8.60000,
,,,0.098060000000,  -8.60000,
,,,0.098080000000,  -8.40000,
,,,0.098100000000,  -8.40000,
,,,0.098120000000,  -8.40000,
,,,0.098140000000,  -8.40000,
,,,0.098160000000,  -8.40000,
,,,0.098180000000,  -8.40000,
,,,0.098200000000,  -8.40000,
,,,0.098220000000,  -8.20000,
,,,0.098240000000,  -8.20000,
,,,0.098260000000,  -8.20000,
,,,0.098280000000,  -8.00000,
,,,0.098300000000,  -8.00000,
,,,0.098320000000,  -8.00000,
,,,0.098340000000,  -8.00000,
,,,0.098360000000,  -8.00000,
,,,0.098380000000,  -8.00000,
